folder,reference_image,reference_path,num_comparisons,avg_similarity,min_similarity,max_similarity,std_similarity
BrunoMars,172.jpg,/data2/jiyoon/PAI-Bench/data/crawled/imgs/BrunoMars/172.jpg,49,0.7402549434681328,0.5719426870346069,0.8674881458282471,0.07679505751768612
BrunoMars,193.jpg,/data2/jiyoon/PAI-Bench/data/crawled/imgs/BrunoMars/193.jpg,49,0.7302306914816097,0.5784498453140259,0.8644367456436157,0.06487239619309383
BrunoMars,000048.jpg,/data2/jiyoon/PAI-Bench/data/crawled/imgs/BrunoMars/000048.jpg,49,0.7288893522048483,0.5806401371955872,0.8568190336227417,0.061219438794055496
BrunoMars,000002.jpg,/data2/jiyoon/PAI-Bench/data/crawled/imgs/BrunoMars/000002.jpg,49,0.7271956910892409,0.5750900506973267,0.8949678540229797,0.07434621768071342
BrunoMars,000083.jpg,/data2/jiyoon/PAI-Bench/data/crawled/imgs/BrunoMars/000083.jpg,49,0.7260868208748954,0.5878109931945801,0.8313666582107544,0.054935524890349266
BrunoMars,000001.jpg,/data2/jiyoon/PAI-Bench/data/crawled/imgs/BrunoMars/000001.jpg,49,0.7242264017766836,0.519960880279541,0.8717893362045288,0.07489198607996332
BrunoMars,000024.jpg,/data2/jiyoon/PAI-Bench/data/crawled/imgs/BrunoMars/000024.jpg,49,0.7194260626423116,0.5439171195030212,0.8949678540229797,0.07109969755705736
BrunoMars,000096.jpg,/data2/jiyoon/PAI-Bench/data/crawled/imgs/BrunoMars/000096.jpg,49,0.71561797541015,0.5244948267936707,0.9666977524757385,0.080528843814236
BrunoMars,185.jpg,/data2/jiyoon/PAI-Bench/data/crawled/imgs/BrunoMars/185.jpg,49,0.7145818934148672,0.5649814605712891,0.8384221792221069,0.0698799042022334
BrunoMars,000071.jpg,/data2/jiyoon/PAI-Bench/data/crawled/imgs/BrunoMars/000071.jpg,49,0.7114667588350724,0.5572769641876221,0.8092913627624512,0.06036802832493015
BrunoMars,000008.jpg,/data2/jiyoon/PAI-Bench/data/crawled/imgs/BrunoMars/000008.jpg,49,0.7092042699152109,0.5623621940612793,0.8267868757247925,0.06035763435208602
BrunoMars,170.jpg,/data2/jiyoon/PAI-Bench/data/crawled/imgs/BrunoMars/170.jpg,49,0.7060868727917574,0.5382106304168701,0.8060275912284851,0.06592825132384114
BrunoMars,000005.jpg,/data2/jiyoon/PAI-Bench/data/crawled/imgs/BrunoMars/000005.jpg,49,0.7038333476806173,0.5770242810249329,0.9113442897796631,0.07224559118290902
BrunoMars,175.jpg,/data2/jiyoon/PAI-Bench/data/crawled/imgs/BrunoMars/175.jpg,49,0.7013250929968697,0.536432683467865,0.8313666582107544,0.06239283390985425
BrunoMars,000049.jpg,/data2/jiyoon/PAI-Bench/data/crawled/imgs/BrunoMars/000049.jpg,49,0.7000086222376142,0.563295841217041,0.9646527767181396,0.07315114468353491
BrunoMars,000085.jpg,/data2/jiyoon/PAI-Bench/data/crawled/imgs/BrunoMars/000085.jpg,49,0.6985027048052573,0.5403778553009033,0.8718228936195374,0.06888995187582155
BrunoMars,000054.jpg,/data2/jiyoon/PAI-Bench/data/crawled/imgs/BrunoMars/000054.jpg,49,0.6982951894098398,0.5002094507217407,0.9666977524757385,0.08355249859539338
BrunoMars,179.jpg,/data2/jiyoon/PAI-Bench/data/crawled/imgs/BrunoMars/179.jpg,49,0.6955702596781205,0.5248276591300964,0.8267868757247925,0.06730835121306787
BrunoMars,194.jpg,/data2/jiyoon/PAI-Bench/data/crawled/imgs/BrunoMars/194.jpg,49,0.6938553951224502,0.5561840534210205,0.8718228936195374,0.07409135521073962
BrunoMars,000044.jpg,/data2/jiyoon/PAI-Bench/data/crawled/imgs/BrunoMars/000044.jpg,49,0.6907567211559841,0.5055817365646362,0.8568190336227417,0.06206820607366332
BrunoMars,000057.jpg,/data2/jiyoon/PAI-Bench/data/crawled/imgs/BrunoMars/000057.jpg,49,0.6891746338532896,0.5698781609535217,0.7772605419158936,0.05323233995908532
BrunoMars,000034.jpg,/data2/jiyoon/PAI-Bench/data/crawled/imgs/BrunoMars/000034.jpg,49,0.6861502832295944,0.5266463756561279,0.9646527767181396,0.07526070147515891
BrunoMars,000151.jpg,/data2/jiyoon/PAI-Bench/data/crawled/imgs/BrunoMars/000151.jpg,49,0.6852177211216518,0.5040937662124634,0.7962863445281982,0.054439989734725566
BrunoMars,000031.jpg,/data2/jiyoon/PAI-Bench/data/crawled/imgs/BrunoMars/000031.jpg,49,0.6810484248764661,0.546504557132721,0.9108827114105225,0.06438543858309807
BrunoMars,198.jpg,/data2/jiyoon/PAI-Bench/data/crawled/imgs/BrunoMars/198.jpg,49,0.679284756280938,0.5065945982933044,0.8225314617156982,0.07954651939320521
BrunoMars,181.jpg,/data2/jiyoon/PAI-Bench/data/crawled/imgs/BrunoMars/181.jpg,49,0.678718413017234,0.47644782066345215,0.8000820279121399,0.06527571412304052
BrunoMars,197.jpg,/data2/jiyoon/PAI-Bench/data/crawled/imgs/BrunoMars/197.jpg,49,0.6781815673623767,0.45582669973373413,0.7829298377037048,0.08458920631775572
BrunoMars,000051.jpg,/data2/jiyoon/PAI-Bench/data/crawled/imgs/BrunoMars/000051.jpg,49,0.6780200722266216,0.4970203638076782,0.8273310661315918,0.0742365344514977
BrunoMars,174.jpg,/data2/jiyoon/PAI-Bench/data/crawled/imgs/BrunoMars/174.jpg,49,0.6771462389401027,0.5216341018676758,0.798060417175293,0.0655864884797435
BrunoMars,189.jpg,/data2/jiyoon/PAI-Bench/data/crawled/imgs/BrunoMars/189.jpg,49,0.675031916219361,0.5111379623413086,0.8283687829971313,0.07476298432803173
BrunoMars,000033.jpg,/data2/jiyoon/PAI-Bench/data/crawled/imgs/BrunoMars/000033.jpg,49,0.6743018383882484,0.5102837681770325,0.7611855268478394,0.05583524813191588
BrunoMars,191.jpg,/data2/jiyoon/PAI-Bench/data/crawled/imgs/BrunoMars/191.jpg,49,0.6732007921958456,0.5252312421798706,0.9113442897796631,0.0834120409057384
BrunoMars,000116.jpg,/data2/jiyoon/PAI-Bench/data/crawled/imgs/BrunoMars/000116.jpg,49,0.6725917075361524,0.46288785338401794,0.7997300624847412,0.07945474107402091
BrunoMars,182.jpg,/data2/jiyoon/PAI-Bench/data/crawled/imgs/BrunoMars/182.jpg,49,0.6711297521785814,0.5150183439254761,0.8214771747589111,0.07409072376493624
BrunoMars,000038.jpg,/data2/jiyoon/PAI-Bench/data/crawled/imgs/BrunoMars/000038.jpg,49,0.6708999470788606,0.5149401426315308,0.9108827114105225,0.07069358599598558
BrunoMars,000063.jpg,/data2/jiyoon/PAI-Bench/data/crawled/imgs/BrunoMars/000063.jpg,49,0.6694087082025956,0.510697603225708,0.7960057258605957,0.07011884160930845
BrunoMars,166.jpg,/data2/jiyoon/PAI-Bench/data/crawled/imgs/BrunoMars/166.jpg,49,0.6607562546827355,0.5348000526428223,0.7406255006790161,0.04027935067676151
BrunoMars,171.jpg,/data2/jiyoon/PAI-Bench/data/crawled/imgs/BrunoMars/171.jpg,49,0.6537162917000907,0.4664500057697296,0.7837825417518616,0.0776543787641591
BrunoMars,000030.jpg,/data2/jiyoon/PAI-Bench/data/crawled/imgs/BrunoMars/000030.jpg,49,0.6536074092193526,0.476436048746109,0.7763243317604065,0.06999256693475712
BrunoMars,000059.jpg,/data2/jiyoon/PAI-Bench/data/crawled/imgs/BrunoMars/000059.jpg,49,0.63714628134455,0.4172256588935852,0.7294220924377441,0.065082636017804
BrunoMars,190.jpg,/data2/jiyoon/PAI-Bench/data/crawled/imgs/BrunoMars/190.jpg,49,0.6288546421089951,0.47466903924942017,0.7471151351928711,0.06146221002083865
BrunoMars,000094.jpg,/data2/jiyoon/PAI-Bench/data/crawled/imgs/BrunoMars/000094.jpg,49,0.6137673362177245,0.4947989284992218,0.7407488226890564,0.04766212581268593
BrunoMars,168.jpg,/data2/jiyoon/PAI-Bench/data/crawled/imgs/BrunoMars/168.jpg,49,0.604758153764569,0.42200911045074463,0.7023807168006897,0.0628181981181708
BrunoMars,159.jpg,/data2/jiyoon/PAI-Bench/data/crawled/imgs/BrunoMars/159.jpg,49,0.6024067316736493,0.5164415240287781,0.6864579916000366,0.04202729861829595
BrunoMars,000025.jpg,/data2/jiyoon/PAI-Bench/data/crawled/imgs/BrunoMars/000025.jpg,49,0.5894069026927559,0.5060292482376099,0.7087607979774475,0.046904718208865645
BrunoMars,161.jpg,/data2/jiyoon/PAI-Bench/data/crawled/imgs/BrunoMars/161.jpg,49,0.5817584711678174,0.4969601035118103,0.7087607979774475,0.04501367877644609
BrunoMars,000006.jpg,/data2/jiyoon/PAI-Bench/data/crawled/imgs/BrunoMars/000006.jpg,49,0.5808384083971685,0.42200911045074463,0.7211087346076965,0.0536407417126333
BrunoMars,000098.jpg,/data2/jiyoon/PAI-Bench/data/crawled/imgs/BrunoMars/000098.jpg,49,0.5759638237709902,0.4718039035797119,0.7180277109146118,0.04760423216268024
BrunoMars,000064.jpg,/data2/jiyoon/PAI-Bench/data/crawled/imgs/BrunoMars/000064.jpg,49,0.5747432915531859,0.4321873188018799,0.7211087346076965,0.05399503448916005
BrunoMars,162.jpg,/data2/jiyoon/PAI-Bench/data/crawled/imgs/BrunoMars/162.jpg,49,0.5348831713199615,0.4172256588935852,0.610543966293335,0.04086595370550013
Dicaprio,000085.jpg,/data2/jiyoon/PAI-Bench/data/crawled/imgs/Dicaprio/000085.jpg,49,0.6686793188659512,0.575732946395874,0.8153767585754395,0.05302730427381665
Dicaprio,000068.jpg,/data2/jiyoon/PAI-Bench/data/crawled/imgs/Dicaprio/000068.jpg,49,0.6662256717681885,0.5470437407493591,0.8149204254150391,0.06562585406660258
Dicaprio,000081.jpg,/data2/jiyoon/PAI-Bench/data/crawled/imgs/Dicaprio/000081.jpg,49,0.6644529055575935,0.5300182700157166,0.8153767585754395,0.07841985810290972
Dicaprio,000005.jpg,/data2/jiyoon/PAI-Bench/data/crawled/imgs/Dicaprio/000005.jpg,49,0.6620873845353419,0.47592267394065857,0.8828037977218628,0.13513180900626443
Dicaprio,000050.jpg,/data2/jiyoon/PAI-Bench/data/crawled/imgs/Dicaprio/000050.jpg,49,0.6616764962673187,0.42436403036117554,0.9536547660827637,0.1569611783294346
Dicaprio,000003.jpg,/data2/jiyoon/PAI-Bench/data/crawled/imgs/Dicaprio/000003.jpg,49,0.6589361137273361,0.4356505870819092,0.9536547660827637,0.15365302541499704
Dicaprio,000016.jpg,/data2/jiyoon/PAI-Bench/data/crawled/imgs/Dicaprio/000016.jpg,49,0.656526409241618,0.4661410450935364,0.8703416585922241,0.13968170826283807
Dicaprio,000012.jpg,/data2/jiyoon/PAI-Bench/data/crawled/imgs/Dicaprio/000012.jpg,49,0.6558556866889097,0.42117220163345337,0.9426121711730957,0.1539679473050426
Dicaprio,000027.jpg,/data2/jiyoon/PAI-Bench/data/crawled/imgs/Dicaprio/000027.jpg,49,0.6530252536948846,0.5477893352508545,0.810921847820282,0.0622616862444899
Dicaprio,000022.jpg,/data2/jiyoon/PAI-Bench/data/crawled/imgs/Dicaprio/000022.jpg,49,0.6508367499526666,0.5222985148429871,0.7864217162132263,0.06380994084203766
Dicaprio,000006.jpg,/data2/jiyoon/PAI-Bench/data/crawled/imgs/Dicaprio/000006.jpg,49,0.6483970235805122,0.4329319894313812,0.944778323173523,0.15661110212816085
Dicaprio,000049.jpg,/data2/jiyoon/PAI-Bench/data/crawled/imgs/Dicaprio/000049.jpg,49,0.6413331463628885,0.445414662361145,0.9053688645362854,0.1500748956653381
Dicaprio,000007.jpg,/data2/jiyoon/PAI-Bench/data/crawled/imgs/Dicaprio/000007.jpg,49,0.6408300971498295,0.44965967535972595,0.9025165438652039,0.13783109917373257
Dicaprio,000010.jpg,/data2/jiyoon/PAI-Bench/data/crawled/imgs/Dicaprio/000010.jpg,49,0.6366240576821931,0.47509637475013733,0.8092202544212341,0.08764383419739646
Dicaprio,000013.jpg,/data2/jiyoon/PAI-Bench/data/crawled/imgs/Dicaprio/000013.jpg,49,0.6347702042180665,0.43153131008148193,0.9025165438652039,0.14808553609042513
Dicaprio,000019.jpg,/data2/jiyoon/PAI-Bench/data/crawled/imgs/Dicaprio/000019.jpg,49,0.6332331123400707,0.46061649918556213,0.8417803049087524,0.11895483921517853
Dicaprio,000009.jpg,/data2/jiyoon/PAI-Bench/data/crawled/imgs/Dicaprio/000009.jpg,49,0.6330800238920717,0.40500330924987793,0.8661291003227234,0.1452802295029105
Dicaprio,000089.jpg,/data2/jiyoon/PAI-Bench/data/crawled/imgs/Dicaprio/000089.jpg,49,0.6313180740998716,0.5267807841300964,0.7555592656135559,0.060273251512462656
Dicaprio,000078.jpg,/data2/jiyoon/PAI-Bench/data/crawled/imgs/Dicaprio/000078.jpg,49,0.6293566737856183,0.48614293336868286,0.7685502171516418,0.07209917927444866
Dicaprio,000075.jpg,/data2/jiyoon/PAI-Bench/data/crawled/imgs/Dicaprio/000075.jpg,49,0.627967108269127,0.47898828983306885,0.8153046369552612,0.08564415313706411
Dicaprio,000084.jpg,/data2/jiyoon/PAI-Bench/data/crawled/imgs/Dicaprio/000084.jpg,49,0.6269031629270437,0.44805729389190674,0.8153046369552612,0.1030967006838527
Dicaprio,000002.jpg,/data2/jiyoon/PAI-Bench/data/crawled/imgs/Dicaprio/000002.jpg,49,0.6267827347833284,0.4279426336288452,0.9195293188095093,0.15271002168190137
Dicaprio,000020.jpg,/data2/jiyoon/PAI-Bench/data/crawled/imgs/Dicaprio/000020.jpg,49,0.6253519483975002,0.41379767656326294,0.8903309106826782,0.1482897222142226
Dicaprio,000015.jpg,/data2/jiyoon/PAI-Bench/data/crawled/imgs/Dicaprio/000015.jpg,49,0.624851622751781,0.4111783504486084,0.879370927810669,0.15121873742775443
Dicaprio,000040.jpg,/data2/jiyoon/PAI-Bench/data/crawled/imgs/Dicaprio/000040.jpg,49,0.6217660161913657,0.5145907998085022,0.768265962600708,0.055768701493589576
Dicaprio,000008.jpg,/data2/jiyoon/PAI-Bench/data/crawled/imgs/Dicaprio/000008.jpg,49,0.6146797549967863,0.4487934112548828,0.8658294677734375,0.10710041063841336
Dicaprio,000106.jpg,/data2/jiyoon/PAI-Bench/data/crawled/imgs/Dicaprio/000106.jpg,49,0.6082914520283135,0.42481425404548645,0.7844648361206055,0.10819109917798031
Dicaprio,000018.jpg,/data2/jiyoon/PAI-Bench/data/crawled/imgs/Dicaprio/000018.jpg,49,0.6068361948947517,0.40326935052871704,0.9195293188095093,0.16292140309157718
Dicaprio,000021.jpg,/data2/jiyoon/PAI-Bench/data/crawled/imgs/Dicaprio/000021.jpg,49,0.6057214907237461,0.4211627244949341,0.8026580810546875,0.13162176779566018
Dicaprio,000070.jpg,/data2/jiyoon/PAI-Bench/data/crawled/imgs/Dicaprio/000070.jpg,49,0.6034222074917385,0.43754974007606506,0.8658294677734375,0.11423428789444805
Dicaprio,000069.jpg,/data2/jiyoon/PAI-Bench/data/crawled/imgs/Dicaprio/000069.jpg,49,0.6021443556766121,0.4098840355873108,0.7844648361206055,0.11052035089998268
Dicaprio,000024.jpg,/data2/jiyoon/PAI-Bench/data/crawled/imgs/Dicaprio/000024.jpg,49,0.6021155800138202,0.391543447971344,0.9053688645362854,0.15980908789282738
Dicaprio,000001.jpg,/data2/jiyoon/PAI-Bench/data/crawled/imgs/Dicaprio/000001.jpg,49,0.6005384672661217,0.3792627453804016,0.8850040435791016,0.16216061534665469
Dicaprio,000045.jpg,/data2/jiyoon/PAI-Bench/data/crawled/imgs/Dicaprio/000045.jpg,49,0.600430036077694,0.45772960782051086,0.7509533762931824,0.07032893064876364
Dicaprio,000038.jpg,/data2/jiyoon/PAI-Bench/data/crawled/imgs/Dicaprio/000038.jpg,49,0.5980839084605781,0.46689024567604065,0.7300082445144653,0.08252966251293797
Dicaprio,000039.jpg,/data2/jiyoon/PAI-Bench/data/crawled/imgs/Dicaprio/000039.jpg,49,0.5928463510104588,0.5044418573379517,0.7755669355392456,0.055780070954929685
Dicaprio,000091.jpg,/data2/jiyoon/PAI-Bench/data/crawled/imgs/Dicaprio/000091.jpg,49,0.5877398295061929,0.45438066124916077,0.7480278015136719,0.07450034306570673
Dicaprio,000029.jpg,/data2/jiyoon/PAI-Bench/data/crawled/imgs/Dicaprio/000029.jpg,49,0.5817482191689161,0.4668852388858795,0.9610715508460999,0.07129147916124844
Dicaprio,000026.jpg,/data2/jiyoon/PAI-Bench/data/crawled/imgs/Dicaprio/000026.jpg,49,0.5783182431240471,0.4643416404724121,0.7224701046943665,0.06291435460323244
Dicaprio,000097.jpg,/data2/jiyoon/PAI-Bench/data/crawled/imgs/Dicaprio/000097.jpg,49,0.5768359540676584,0.391543447971344,0.7775008678436279,0.10073169537902645
Dicaprio,000096.jpg,/data2/jiyoon/PAI-Bench/data/crawled/imgs/Dicaprio/000096.jpg,49,0.5757413634232112,0.3792627453804016,0.795555591583252,0.09583785539822098
Dicaprio,000100.jpg,/data2/jiyoon/PAI-Bench/data/crawled/imgs/Dicaprio/000100.jpg,49,0.5734878072933275,0.48392754793167114,0.6939960718154907,0.0546343088192245
Dicaprio,000082.jpg,/data2/jiyoon/PAI-Bench/data/crawled/imgs/Dicaprio/000082.jpg,49,0.5721423212362795,0.41814661026000977,0.8283935785293579,0.10970095218496179
Dicaprio,000053.jpg,/data2/jiyoon/PAI-Bench/data/crawled/imgs/Dicaprio/000053.jpg,49,0.5704224182634937,0.4674156904220581,0.675562858581543,0.053489372690304404
Dicaprio,000074.jpg,/data2/jiyoon/PAI-Bench/data/crawled/imgs/Dicaprio/000074.jpg,49,0.5657764338717168,0.446977823972702,0.7377036213874817,0.08347639001065232
Dicaprio,000043.jpg,/data2/jiyoon/PAI-Bench/data/crawled/imgs/Dicaprio/000043.jpg,49,0.5649840922988191,0.44070929288864136,0.9610715508460999,0.0745631975302593
Dicaprio,000101.jpg,/data2/jiyoon/PAI-Bench/data/crawled/imgs/Dicaprio/000101.jpg,49,0.5478943720155832,0.40500330924987793,0.6670903563499451,0.08945528282147715
Dicaprio,000086.jpg,/data2/jiyoon/PAI-Bench/data/crawled/imgs/Dicaprio/000086.jpg,49,0.5448364694507755,0.4509308934211731,0.7755669355392456,0.06279421775872412
Dicaprio,000071.jpg,/data2/jiyoon/PAI-Bench/data/crawled/imgs/Dicaprio/000071.jpg,49,0.5320238045283726,0.3939743936061859,0.6550374627113342,0.06684133508583368
Dicaprio,000033.jpg,/data2/jiyoon/PAI-Bench/data/crawled/imgs/Dicaprio/000033.jpg,49,0.5314521339474892,0.4004862904548645,0.6816561818122864,0.08361577834132002
EunwooCha,000011_0.jpg,/data2/jiyoon/PAI-Bench/data/crawled/imgs/EunwooCha/000011_0.jpg,49,0.6165051496758753,0.3935856223106384,0.7237809896469116,0.06168221591698782
EunwooCha,000079_0.jpg,/data2/jiyoon/PAI-Bench/data/crawled/imgs/EunwooCha/000079_0.jpg,49,0.6128207104546683,0.4155924916267395,0.9093632698059082,0.08247684479902777
EunwooCha,000072_0.jpg,/data2/jiyoon/PAI-Bench/data/crawled/imgs/EunwooCha/000072_0.jpg,49,0.6095641024258672,0.41848015785217285,0.7237809896469116,0.06310687989642441
EunwooCha,000028_0.jpg,/data2/jiyoon/PAI-Bench/data/crawled/imgs/EunwooCha/000028_0.jpg,49,0.6063739554006227,0.34532982110977173,0.9093632698059082,0.08335901178099589
EunwooCha,000032_0.jpg,/data2/jiyoon/PAI-Bench/data/crawled/imgs/EunwooCha/000032_0.jpg,49,0.6062808194938971,0.38558489084243774,0.8012223243713379,0.0835614824909727
EunwooCha,000007_0.jpg,/data2/jiyoon/PAI-Bench/data/crawled/imgs/EunwooCha/000007_0.jpg,49,0.6010854888935478,0.42786166071891785,0.7365095615386963,0.07156563189890608
EunwooCha,000005_0.jpg,/data2/jiyoon/PAI-Bench/data/crawled/imgs/EunwooCha/000005_0.jpg,49,0.5990269263179935,0.4465843141078949,0.7123167514801025,0.052714534538526196
EunwooCha,000029_0.jpg,/data2/jiyoon/PAI-Bench/data/crawled/imgs/EunwooCha/000029_0.jpg,49,0.596844268088438,0.36449605226516724,0.8299458622932434,0.09061175343362364
EunwooCha,000026_0.jpg,/data2/jiyoon/PAI-Bench/data/crawled/imgs/EunwooCha/000026_0.jpg,49,0.5911485491966715,0.3337246775627136,0.8299458622932434,0.08700128286385364
EunwooCha,000101_0.jpg,/data2/jiyoon/PAI-Bench/data/crawled/imgs/EunwooCha/000101_0.jpg,49,0.5910303531860819,0.36054110527038574,0.708256721496582,0.06308660400074508
EunwooCha,000009_0.jpg,/data2/jiyoon/PAI-Bench/data/crawled/imgs/EunwooCha/000009_0.jpg,49,0.5878576970830256,0.3914032578468323,0.9536217451095581,0.09351546035206819
EunwooCha,000012_0.jpg,/data2/jiyoon/PAI-Bench/data/crawled/imgs/EunwooCha/000012_0.jpg,49,0.5869139286936546,0.324428528547287,0.7097882628440857,0.07447483620070308
EunwooCha,000003_0.jpg,/data2/jiyoon/PAI-Bench/data/crawled/imgs/EunwooCha/000003_0.jpg,49,0.5866564579155981,0.40074482560157776,0.7236248850822449,0.06702941338589238
EunwooCha,000025_0.jpg,/data2/jiyoon/PAI-Bench/data/crawled/imgs/EunwooCha/000025_0.jpg,49,0.5856698994733849,0.4639507830142975,0.7037283182144165,0.05509278841108079
EunwooCha,000008_0.jpg,/data2/jiyoon/PAI-Bench/data/crawled/imgs/EunwooCha/000008_0.jpg,49,0.5793553371818698,0.33617717027664185,0.7352035045623779,0.07893471865870859
EunwooCha,000030_0.jpg,/data2/jiyoon/PAI-Bench/data/crawled/imgs/EunwooCha/000030_0.jpg,49,0.5761619410952743,0.3845656216144562,0.9536217451095581,0.09149568609916853
EunwooCha,000042_0.jpg,/data2/jiyoon/PAI-Bench/data/crawled/imgs/EunwooCha/000042_0.jpg,49,0.5722755485651444,0.4371809661388397,0.7098099589347839,0.05487768075247018
EunwooCha,000001_0.jpg,/data2/jiyoon/PAI-Bench/data/crawled/imgs/EunwooCha/000001_0.jpg,49,0.5714293189194738,0.3466137945652008,0.6872208118438721,0.06028479652642433
EunwooCha,000081_0.jpg,/data2/jiyoon/PAI-Bench/data/crawled/imgs/EunwooCha/000081_0.jpg,49,0.5679357745209519,0.4103836119174957,0.6885649561882019,0.058430564068046004
EunwooCha,000052_0.jpg,/data2/jiyoon/PAI-Bench/data/crawled/imgs/EunwooCha/000052_0.jpg,49,0.5673134095814764,0.34954458475112915,0.708256721496582,0.07372036250438413
EunwooCha,000018_0.jpg,/data2/jiyoon/PAI-Bench/data/crawled/imgs/EunwooCha/000018_0.jpg,49,0.5671357731429898,0.33015888929367065,0.6934550404548645,0.06669120378676924
EunwooCha,000066_0.jpg,/data2/jiyoon/PAI-Bench/data/crawled/imgs/EunwooCha/000066_0.jpg,49,0.5575954117337052,0.34190982580184937,0.7284188866615295,0.07536262241989969
EunwooCha,000073_0.jpg,/data2/jiyoon/PAI-Bench/data/crawled/imgs/EunwooCha/000073_0.jpg,49,0.5569355554726659,0.36433833837509155,0.6653658151626587,0.06229199180587841
EunwooCha,000020_0.jpg,/data2/jiyoon/PAI-Bench/data/crawled/imgs/EunwooCha/000020_0.jpg,49,0.5564699738609548,0.2883572280406952,0.6934550404548645,0.07174670021287151
EunwooCha,000027_0.jpg,/data2/jiyoon/PAI-Bench/data/crawled/imgs/EunwooCha/000027_0.jpg,49,0.5557466593323922,0.3408040404319763,0.7013047933578491,0.07197920013862918
EunwooCha,000065_0.jpg,/data2/jiyoon/PAI-Bench/data/crawled/imgs/EunwooCha/000065_0.jpg,49,0.5529965095374049,0.4112717807292938,0.6470264196395874,0.06521913925854897
EunwooCha,000058_0.jpg,/data2/jiyoon/PAI-Bench/data/crawled/imgs/EunwooCha/000058_0.jpg,49,0.5488932193542013,0.35227712988853455,0.6885649561882019,0.06108033855522613
EunwooCha,000069_0.jpg,/data2/jiyoon/PAI-Bench/data/crawled/imgs/EunwooCha/000069_0.jpg,49,0.546511286375474,0.4235861897468567,0.6595209836959839,0.052090231279179645
EunwooCha,000013_0.jpg,/data2/jiyoon/PAI-Bench/data/crawled/imgs/EunwooCha/000013_0.jpg,49,0.5457301437854767,0.3572571277618408,0.664328932762146,0.06577414172926502
EunwooCha,000024_0.jpg,/data2/jiyoon/PAI-Bench/data/crawled/imgs/EunwooCha/000024_0.jpg,49,0.5392314268618214,0.3399551510810852,0.6672581434249878,0.05253982365302283
EunwooCha,000060_0.jpg,/data2/jiyoon/PAI-Bench/data/crawled/imgs/EunwooCha/000060_0.jpg,49,0.5376678401110123,0.3607409596443176,0.6557252407073975,0.06125955673774164
EunwooCha,000016_0.jpg,/data2/jiyoon/PAI-Bench/data/crawled/imgs/EunwooCha/000016_0.jpg,49,0.5321059318221345,0.31896984577178955,0.6245763301849365,0.056106734946544626
EunwooCha,000022_0.jpg,/data2/jiyoon/PAI-Bench/data/crawled/imgs/EunwooCha/000022_0.jpg,49,0.531035205539392,0.29396820068359375,0.9921501874923706,0.10102023256772354
EunwooCha,000014_0.jpg,/data2/jiyoon/PAI-Bench/data/crawled/imgs/EunwooCha/000014_0.jpg,49,0.5308771826783005,0.2953646779060364,0.9921501874923706,0.10109931096936928
EunwooCha,000067_0.jpg,/data2/jiyoon/PAI-Bench/data/crawled/imgs/EunwooCha/000067_0.jpg,49,0.5295216733095597,0.4125644564628601,0.6367228627204895,0.053409684905221265
EunwooCha,000037_0.jpg,/data2/jiyoon/PAI-Bench/data/crawled/imgs/EunwooCha/000037_0.jpg,49,0.5285116391522544,0.30920901894569397,0.672210693359375,0.06285771761993156
EunwooCha,000021_0.jpg,/data2/jiyoon/PAI-Bench/data/crawled/imgs/EunwooCha/000021_0.jpg,49,0.5269870916191413,0.33928197622299194,0.645917534828186,0.05746886014177061
EunwooCha,000017_0.jpg,/data2/jiyoon/PAI-Bench/data/crawled/imgs/EunwooCha/000017_0.jpg,49,0.5267571289928592,0.38066479563713074,0.6580500602722168,0.06368800428024876
EunwooCha,000055_0.jpg,/data2/jiyoon/PAI-Bench/data/crawled/imgs/EunwooCha/000055_0.jpg,49,0.5260104701227072,0.34990179538726807,0.6330846548080444,0.06468693392022647
EunwooCha,000053_0.jpg,/data2/jiyoon/PAI-Bench/data/crawled/imgs/EunwooCha/000053_0.jpg,49,0.5234220408055247,0.22429044544696808,0.7267096042633057,0.08694089415071415
EunwooCha,000043_0.jpg,/data2/jiyoon/PAI-Bench/data/crawled/imgs/EunwooCha/000043_0.jpg,49,0.5165376949067019,0.3874504864215851,0.972634494304657,0.08987974845553676
EunwooCha,000050_0.jpg,/data2/jiyoon/PAI-Bench/data/crawled/imgs/EunwooCha/000050_0.jpg,49,0.5159079462898021,0.36451780796051025,0.6702555418014526,0.062455242826607284
EunwooCha,000094_0.jpg,/data2/jiyoon/PAI-Bench/data/crawled/imgs/EunwooCha/000094_0.jpg,49,0.5144911250289605,0.24011602997779846,0.6703159809112549,0.08916321544883457
EunwooCha,000077_1.jpg,/data2/jiyoon/PAI-Bench/data/crawled/imgs/EunwooCha/000077_1.jpg,49,0.5083069235694652,0.3590319752693176,0.6360524892807007,0.061682893394987094
EunwooCha,000015_0.jpg,/data2/jiyoon/PAI-Bench/data/crawled/imgs/EunwooCha/000015_0.jpg,49,0.5076362776513003,0.34778255224227905,0.972634494304657,0.0920512334788091
EunwooCha,000023_0.jpg,/data2/jiyoon/PAI-Bench/data/crawled/imgs/EunwooCha/000023_0.jpg,49,0.5002574434085768,0.3688635230064392,0.6258316040039062,0.06764135007462385
EunwooCha,000057_0.jpg,/data2/jiyoon/PAI-Bench/data/crawled/imgs/EunwooCha/000057_0.jpg,49,0.4940866359642574,0.3230946958065033,0.6323667168617249,0.054302320339301026
EunwooCha,000010_0.jpg,/data2/jiyoon/PAI-Bench/data/crawled/imgs/EunwooCha/000010_0.jpg,49,0.4684034166287403,0.335109680891037,0.5652981400489807,0.05084037775213655
EunwooCha,000044_0.jpg,/data2/jiyoon/PAI-Bench/data/crawled/imgs/EunwooCha/000044_0.jpg,49,0.46772151881334734,0.24011602997779846,0.652340829372406,0.08281576961122793
EunwooCha,000086_0.jpg,/data2/jiyoon/PAI-Bench/data/crawled/imgs/EunwooCha/000086_0.jpg,49,0.368869636435898,0.22429044544696808,0.4895671010017395,0.05170074284392541
FanBingbing,124.jpg,/data2/jiyoon/PAI-Bench/data/crawled/imgs/FanBingbing/124.jpg,49,0.6779671943917567,0.5125161409378052,0.8222895860671997,0.07656367034828664
FanBingbing,000004.jpg,/data2/jiyoon/PAI-Bench/data/crawled/imgs/FanBingbing/000004.jpg,49,0.6746474066559149,0.5117214918136597,0.8413926959037781,0.07520359170391937
FanBingbing,000020.jpg,/data2/jiyoon/PAI-Bench/data/crawled/imgs/FanBingbing/000020.jpg,49,0.6703437384294004,0.5187628865242004,0.9819549918174744,0.0866871216586611
FanBingbing,000071.jpg,/data2/jiyoon/PAI-Bench/data/crawled/imgs/FanBingbing/000071.jpg,49,0.6638849377632141,0.509743332862854,1.0,0.08837113825961168
FanBingbing,000092.jpg,/data2/jiyoon/PAI-Bench/data/crawled/imgs/FanBingbing/000092.jpg,49,0.6638849377632141,0.509743332862854,1.0,0.08837113825961168
FanBingbing,000019.jpg,/data2/jiyoon/PAI-Bench/data/crawled/imgs/FanBingbing/000019.jpg,49,0.6619865882153414,0.46981632709503174,0.7919707298278809,0.07023087441308933
FanBingbing,000059.jpg,/data2/jiyoon/PAI-Bench/data/crawled/imgs/FanBingbing/000059.jpg,49,0.6591278180784109,0.4541391134262085,0.8412045836448669,0.0826088085152652
FanBingbing,000026.jpg,/data2/jiyoon/PAI-Bench/data/crawled/imgs/FanBingbing/000026.jpg,49,0.6588861796320701,0.5052583813667297,0.7856337428092957,0.07309498019512313
FanBingbing,000025.jpg,/data2/jiyoon/PAI-Bench/data/crawled/imgs/FanBingbing/000025.jpg,49,0.6557809175277243,0.47974324226379395,0.8413926959037781,0.08959729158700648
FanBingbing,000042.jpg,/data2/jiyoon/PAI-Bench/data/crawled/imgs/FanBingbing/000042.jpg,49,0.6541890623618145,0.4466894865036011,0.829278826713562,0.08936964662451698
FanBingbing,000118.jpg,/data2/jiyoon/PAI-Bench/data/crawled/imgs/FanBingbing/000118.jpg,49,0.6529212837316551,0.5443465113639832,0.8195192217826843,0.05921267193486171
FanBingbing,000086.jpg,/data2/jiyoon/PAI-Bench/data/crawled/imgs/FanBingbing/000086.jpg,49,0.6505628562703425,0.4126988351345062,0.8104627132415771,0.08969127219230941
FanBingbing,000121.jpg,/data2/jiyoon/PAI-Bench/data/crawled/imgs/FanBingbing/000121.jpg,49,0.6497685799793321,0.5084879398345947,0.7451577186584473,0.0635673709973098
FanBingbing,000122.jpg,/data2/jiyoon/PAI-Bench/data/crawled/imgs/FanBingbing/000122.jpg,49,0.647487190913181,0.45662686228752136,0.8222895860671997,0.09128915908764869
FanBingbing,000050.jpg,/data2/jiyoon/PAI-Bench/data/crawled/imgs/FanBingbing/000050.jpg,49,0.6465892992457565,0.4731329083442688,1.0,0.07657288785228981
FanBingbing,000093.jpg,/data2/jiyoon/PAI-Bench/data/crawled/imgs/FanBingbing/000093.jpg,49,0.6465892992457565,0.4731329083442688,1.0,0.07657288785228981
FanBingbing,000046.jpg,/data2/jiyoon/PAI-Bench/data/crawled/imgs/FanBingbing/000046.jpg,49,0.6444914292316047,0.43701428174972534,0.8028483390808105,0.08535515433207913
FanBingbing,000085.jpg,/data2/jiyoon/PAI-Bench/data/crawled/imgs/FanBingbing/000085.jpg,49,0.6430367073234247,0.48309993743896484,0.8284803628921509,0.07464146476434114
FanBingbing,000044.jpg,/data2/jiyoon/PAI-Bench/data/crawled/imgs/FanBingbing/000044.jpg,49,0.6425366073238606,0.4621037244796753,0.7590440511703491,0.07010049082304204
FanBingbing,000112.jpg,/data2/jiyoon/PAI-Bench/data/crawled/imgs/FanBingbing/000112.jpg,49,0.6342895979783973,0.5084335803985596,0.7319065928459167,0.05916876759290312
FanBingbing,000047.jpg,/data2/jiyoon/PAI-Bench/data/crawled/imgs/FanBingbing/000047.jpg,49,0.6261743623383191,0.40013587474823,0.9800155758857727,0.08268847874422099
FanBingbing,000053.jpg,/data2/jiyoon/PAI-Bench/data/crawled/imgs/FanBingbing/000053.jpg,49,0.6230163817503014,0.5049286484718323,0.7883167266845703,0.077813399373492
FanBingbing,000088.jpg,/data2/jiyoon/PAI-Bench/data/crawled/imgs/FanBingbing/000088.jpg,49,0.6221927884890108,0.44346484541893005,0.8752734661102295,0.0788896691230113
FanBingbing,000036.jpg,/data2/jiyoon/PAI-Bench/data/crawled/imgs/FanBingbing/000036.jpg,49,0.6212083222914715,0.48335784673690796,0.7755790948867798,0.06779307624125841
FanBingbing,000031.jpg,/data2/jiyoon/PAI-Bench/data/crawled/imgs/FanBingbing/000031.jpg,49,0.620565979456415,0.45075199007987976,0.8752734661102295,0.08269673292697167
FanBingbing,000003.jpg,/data2/jiyoon/PAI-Bench/data/crawled/imgs/FanBingbing/000003.jpg,49,0.618364113934186,0.42929306626319885,0.795292854309082,0.10174085917243507
FanBingbing,000094.jpg,/data2/jiyoon/PAI-Bench/data/crawled/imgs/FanBingbing/000094.jpg,49,0.6178319095348825,0.4735012650489807,0.7381682395935059,0.06582818664802434
FanBingbing,000001.jpg,/data2/jiyoon/PAI-Bench/data/crawled/imgs/FanBingbing/000001.jpg,49,0.6169186301377355,0.3915577828884125,0.9800155758857727,0.0844622631512591
FanBingbing,000082.jpg,/data2/jiyoon/PAI-Bench/data/crawled/imgs/FanBingbing/000082.jpg,49,0.6133582415629406,0.498017281293869,0.7182154059410095,0.050286152839375334
FanBingbing,000078.jpg,/data2/jiyoon/PAI-Bench/data/crawled/imgs/FanBingbing/000078.jpg,49,0.61165851354599,0.46680158376693726,1.0,0.07757180190575805
FanBingbing,000105.jpg,/data2/jiyoon/PAI-Bench/data/crawled/imgs/FanBingbing/000105.jpg,49,0.61165851354599,0.46680158376693726,1.0,0.07757180190575805
FanBingbing,000007.jpg,/data2/jiyoon/PAI-Bench/data/crawled/imgs/FanBingbing/000007.jpg,49,0.6071429927738345,0.4669540226459503,0.6916857361793518,0.052133943729523076
FanBingbing,000095.jpg,/data2/jiyoon/PAI-Bench/data/crawled/imgs/FanBingbing/000095.jpg,49,0.601879246989075,0.457097589969635,0.706739604473114,0.055223817396439334
FanBingbing,125.jpg,/data2/jiyoon/PAI-Bench/data/crawled/imgs/FanBingbing/125.jpg,49,0.5976901224681309,0.4719190001487732,0.7065151929855347,0.059188378556641816
FanBingbing,123.jpg,/data2/jiyoon/PAI-Bench/data/crawled/imgs/FanBingbing/123.jpg,49,0.5903843179041025,0.4493243098258972,0.7134944200515747,0.06139049781943099
FanBingbing,000070.jpg,/data2/jiyoon/PAI-Bench/data/crawled/imgs/FanBingbing/000070.jpg,49,0.5898519121870702,0.43980953097343445,0.7134944200515747,0.0564852744889539
FanBingbing,000058.jpg,/data2/jiyoon/PAI-Bench/data/crawled/imgs/FanBingbing/000058.jpg,49,0.5868238435716046,0.47458821535110474,0.7031523585319519,0.05571516597449749
FanBingbing,000090.jpg,/data2/jiyoon/PAI-Bench/data/crawled/imgs/FanBingbing/000090.jpg,49,0.5801668197524791,0.43253880739212036,0.7363877296447754,0.08058736989897396
FanBingbing,000027.jpg,/data2/jiyoon/PAI-Bench/data/crawled/imgs/FanBingbing/000027.jpg,49,0.5753308254845289,0.3862583339214325,0.6775672435760498,0.06255204246026891
FanBingbing,000041.jpg,/data2/jiyoon/PAI-Bench/data/crawled/imgs/FanBingbing/000041.jpg,49,0.5746080778083023,0.3886674642562866,0.6820110082626343,0.059627058401474434
FanBingbing,000037.jpg,/data2/jiyoon/PAI-Bench/data/crawled/imgs/FanBingbing/000037.jpg,49,0.5712412468024662,0.37984174489974976,0.7497125267982483,0.07196037414385499
FanBingbing,000008.jpg,/data2/jiyoon/PAI-Bench/data/crawled/imgs/FanBingbing/000008.jpg,49,0.5665142761201275,0.42509183287620544,0.6852638721466064,0.0629016789000803
FanBingbing,000034.jpg,/data2/jiyoon/PAI-Bench/data/crawled/imgs/FanBingbing/000034.jpg,49,0.5585835387512129,0.43253880739212036,0.6758896112442017,0.06176898029748512
FanBingbing,000056.jpg,/data2/jiyoon/PAI-Bench/data/crawled/imgs/FanBingbing/000056.jpg,49,0.5546009437162049,0.39890730381011963,0.6701431274414062,0.05671386876579568
FanBingbing,000072.jpg,/data2/jiyoon/PAI-Bench/data/crawled/imgs/FanBingbing/000072.jpg,49,0.5409732102131357,0.4025114178657532,0.6645371913909912,0.05947235596473543
FanBingbing,000035.jpg,/data2/jiyoon/PAI-Bench/data/crawled/imgs/FanBingbing/000035.jpg,49,0.533088201770977,0.40387484431266785,0.6504542231559753,0.059571841418803846
FanBingbing,128.jpg,/data2/jiyoon/PAI-Bench/data/crawled/imgs/FanBingbing/128.jpg,49,0.5266800607953753,0.37984174489974976,0.6301104426383972,0.055336249416020104
FanBingbing,000049.jpg,/data2/jiyoon/PAI-Bench/data/crawled/imgs/FanBingbing/000049.jpg,49,0.5177513762396209,0.3862583339214325,0.6013966798782349,0.04832888781024041
FanBingbing,000120.jpg,/data2/jiyoon/PAI-Bench/data/crawled/imgs/FanBingbing/000120.jpg,49,0.5025158202161595,0.3886674642562866,0.5948139429092407,0.04398673513771372
FanBingbing,127.jpg,/data2/jiyoon/PAI-Bench/data/crawled/imgs/FanBingbing/127.jpg,49,0.48549949392980457,0.38936418294906616,0.5835165977478027,0.04833959307038056
IshiharaSatomi,000048.jpg,/data2/jiyoon/PAI-Bench/data/crawled/imgs/IshiharaSatomi/000048.jpg,49,0.6214632556146505,0.40662068128585815,0.7508265972137451,0.06719814171499769
IshiharaSatomi,000004.jpg,/data2/jiyoon/PAI-Bench/data/crawled/imgs/IshiharaSatomi/000004.jpg,49,0.6061346877594384,0.40190842747688293,0.7870784401893616,0.07615409602460356
IshiharaSatomi,000069.jpg,/data2/jiyoon/PAI-Bench/data/crawled/imgs/IshiharaSatomi/000069.jpg,49,0.6036600470542908,0.35556501150131226,0.9573450684547424,0.09586327753884451
IshiharaSatomi,000054.jpg,/data2/jiyoon/PAI-Bench/data/crawled/imgs/IshiharaSatomi/000054.jpg,49,0.6016624436086538,0.36862480640411377,0.9573450684547424,0.09249027086123725
IshiharaSatomi,000097.jpg,/data2/jiyoon/PAI-Bench/data/crawled/imgs/IshiharaSatomi/000097.jpg,49,0.5926145467222953,0.4647989869117737,0.7033959031105042,0.056049021604261874
IshiharaSatomi,000035.jpg,/data2/jiyoon/PAI-Bench/data/crawled/imgs/IshiharaSatomi/000035.jpg,49,0.5879895486393754,0.4504159688949585,0.8681768178939819,0.08111518489226208
IshiharaSatomi,000010.jpg,/data2/jiyoon/PAI-Bench/data/crawled/imgs/IshiharaSatomi/000010.jpg,49,0.585306219908656,0.47176069021224976,0.694369912147522,0.056754619615535705
IshiharaSatomi,000042.jpg,/data2/jiyoon/PAI-Bench/data/crawled/imgs/IshiharaSatomi/000042.jpg,49,0.5838924038166903,0.3356854319572449,0.7552706003189087,0.0890893182036223
IshiharaSatomi,000052.jpg,/data2/jiyoon/PAI-Bench/data/crawled/imgs/IshiharaSatomi/000052.jpg,49,0.5798720626198516,0.43506449460983276,0.7322182059288025,0.07186788366566417
IshiharaSatomi,000049.jpg,/data2/jiyoon/PAI-Bench/data/crawled/imgs/IshiharaSatomi/000049.jpg,49,0.5779536500269052,0.3487817943096161,0.7609198093414307,0.07832537491115815
IshiharaSatomi,000023.jpg,/data2/jiyoon/PAI-Bench/data/crawled/imgs/IshiharaSatomi/000023.jpg,49,0.5757579572346746,0.40632230043411255,0.686948835849762,0.0693041273687152
IshiharaSatomi,000031.jpg,/data2/jiyoon/PAI-Bench/data/crawled/imgs/IshiharaSatomi/000031.jpg,49,0.5746911247165836,0.40356767177581787,0.721145510673523,0.067221981531994
IshiharaSatomi,000045.jpg,/data2/jiyoon/PAI-Bench/data/crawled/imgs/IshiharaSatomi/000045.jpg,49,0.573071401338188,0.40245190262794495,0.6847745180130005,0.06665808304673534
IshiharaSatomi,000039.jpg,/data2/jiyoon/PAI-Bench/data/crawled/imgs/IshiharaSatomi/000039.jpg,49,0.5709166028061692,0.34325042366981506,0.7048128843307495,0.06559023319918122
IshiharaSatomi,000015.jpg,/data2/jiyoon/PAI-Bench/data/crawled/imgs/IshiharaSatomi/000015.jpg,49,0.5688151808417573,0.33248698711395264,0.8082447052001953,0.0766578729612881
IshiharaSatomi,000011.jpg,/data2/jiyoon/PAI-Bench/data/crawled/imgs/IshiharaSatomi/000011.jpg,49,0.568540731254889,0.41748902201652527,0.6946613192558289,0.06746775759555682
IshiharaSatomi,000022.jpg,/data2/jiyoon/PAI-Bench/data/crawled/imgs/IshiharaSatomi/000022.jpg,49,0.5675803313449937,0.44816142320632935,0.6753498315811157,0.06249360870854996
IshiharaSatomi,000084.jpg,/data2/jiyoon/PAI-Bench/data/crawled/imgs/IshiharaSatomi/000084.jpg,49,0.5664344521201387,0.3819795846939087,0.7508265972137451,0.06873562934341859
IshiharaSatomi,000029.jpg,/data2/jiyoon/PAI-Bench/data/crawled/imgs/IshiharaSatomi/000029.jpg,49,0.5632739517153525,0.41927242279052734,0.7322182059288025,0.07686250391079079
IshiharaSatomi,000025.jpg,/data2/jiyoon/PAI-Bench/data/crawled/imgs/IshiharaSatomi/000025.jpg,49,0.5516737146036965,0.40103232860565186,0.8681768178939819,0.08735788114279963
IshiharaSatomi,000065.jpg,/data2/jiyoon/PAI-Bench/data/crawled/imgs/IshiharaSatomi/000065.jpg,49,0.5486401191779545,0.413086473941803,0.656505286693573,0.06369309151158668
IshiharaSatomi,000059.jpg,/data2/jiyoon/PAI-Bench/data/crawled/imgs/IshiharaSatomi/000059.jpg,49,0.5465116950930381,0.41598454117774963,0.6681606769561768,0.055362355203152636
IshiharaSatomi,000009.jpg,/data2/jiyoon/PAI-Bench/data/crawled/imgs/IshiharaSatomi/000009.jpg,49,0.5426109202054082,0.26643675565719604,0.7552706003189087,0.08932042318387408
IshiharaSatomi,000033.jpg,/data2/jiyoon/PAI-Bench/data/crawled/imgs/IshiharaSatomi/000033.jpg,49,0.5415646421666048,0.36742642521858215,0.7028906941413879,0.0735439774884898
IshiharaSatomi,000100.jpg,/data2/jiyoon/PAI-Bench/data/crawled/imgs/IshiharaSatomi/000100.jpg,49,0.5343168767131105,0.4210752546787262,0.6603871583938599,0.0644210273366702
IshiharaSatomi,000070.jpg,/data2/jiyoon/PAI-Bench/data/crawled/imgs/IshiharaSatomi/000070.jpg,49,0.5340011314469941,0.3592342138290405,0.7193403244018555,0.08315034999600204
IshiharaSatomi,000066.jpg,/data2/jiyoon/PAI-Bench/data/crawled/imgs/IshiharaSatomi/000066.jpg,49,0.5324685178240951,0.3832206428050995,0.6406372785568237,0.05757397479340636
IshiharaSatomi,000079.jpg,/data2/jiyoon/PAI-Bench/data/crawled/imgs/IshiharaSatomi/000079.jpg,49,0.5322727481929623,0.3843264877796173,0.6583778262138367,0.06536671810004106
IshiharaSatomi,000089.jpg,/data2/jiyoon/PAI-Bench/data/crawled/imgs/IshiharaSatomi/000089.jpg,49,0.531306943114923,0.4114331603050232,0.6741632223129272,0.06409338788930548
IshiharaSatomi,000086.jpg,/data2/jiyoon/PAI-Bench/data/crawled/imgs/IshiharaSatomi/000086.jpg,49,0.5286620745853502,0.29400867223739624,0.6934075355529785,0.08090972979159665
IshiharaSatomi,000014.jpg,/data2/jiyoon/PAI-Bench/data/crawled/imgs/IshiharaSatomi/000014.jpg,49,0.5245518641812461,0.33208364248275757,0.8082447052001953,0.07371593892058774
IshiharaSatomi,000021.jpg,/data2/jiyoon/PAI-Bench/data/crawled/imgs/IshiharaSatomi/000021.jpg,49,0.5241374257875948,0.39857301115989685,0.6681981682777405,0.06604397524925197
IshiharaSatomi,000026.jpg,/data2/jiyoon/PAI-Bench/data/crawled/imgs/IshiharaSatomi/000026.jpg,49,0.5192962398334425,0.30345016717910767,0.6439427137374878,0.07488177423943439
IshiharaSatomi,000060.jpg,/data2/jiyoon/PAI-Bench/data/crawled/imgs/IshiharaSatomi/000060.jpg,49,0.5162081639377438,0.27814191579818726,0.670895516872406,0.08416030873185952
IshiharaSatomi,000082.jpg,/data2/jiyoon/PAI-Bench/data/crawled/imgs/IshiharaSatomi/000082.jpg,49,0.5125620444210208,0.2430620789527893,0.975696325302124,0.11235885870776907
IshiharaSatomi,000012.jpg,/data2/jiyoon/PAI-Bench/data/crawled/imgs/IshiharaSatomi/000012.jpg,49,0.51155829003879,0.24910631775856018,0.975696325302124,0.10856519106803915
IshiharaSatomi,000003.jpg,/data2/jiyoon/PAI-Bench/data/crawled/imgs/IshiharaSatomi/000003.jpg,49,0.5110213872121305,0.37550053000450134,0.6603871583938599,0.07322071951196873
IshiharaSatomi,000076.jpg,/data2/jiyoon/PAI-Bench/data/crawled/imgs/IshiharaSatomi/000076.jpg,49,0.5097509920597076,0.328134149312973,0.6489296555519104,0.0741915718291616
IshiharaSatomi,000071.jpg,/data2/jiyoon/PAI-Bench/data/crawled/imgs/IshiharaSatomi/000071.jpg,49,0.5089167545036394,0.31865447759628296,0.6811397075653076,0.07617737229397141
IshiharaSatomi,000061.jpg,/data2/jiyoon/PAI-Bench/data/crawled/imgs/IshiharaSatomi/000061.jpg,49,0.5042389156867046,0.3761078417301178,0.6619024276733398,0.07193845909815971
IshiharaSatomi,000020.jpg,/data2/jiyoon/PAI-Bench/data/crawled/imgs/IshiharaSatomi/000020.jpg,49,0.5037357399658281,0.3455994725227356,0.6204605102539062,0.06595371561546894
IshiharaSatomi,000101.jpg,/data2/jiyoon/PAI-Bench/data/crawled/imgs/IshiharaSatomi/000101.jpg,49,0.5034094404201118,0.39723312854766846,0.6124899387359619,0.05535467941066256
IshiharaSatomi,000019.jpg,/data2/jiyoon/PAI-Bench/data/crawled/imgs/IshiharaSatomi/000019.jpg,49,0.5030558541113016,0.29078829288482666,0.679884135723114,0.07773873194030291
IshiharaSatomi,000095.jpg,/data2/jiyoon/PAI-Bench/data/crawled/imgs/IshiharaSatomi/000095.jpg,49,0.49368935884261617,0.35712477564811707,0.6521121263504028,0.07114890159508494
IshiharaSatomi,000083.jpg,/data2/jiyoon/PAI-Bench/data/crawled/imgs/IshiharaSatomi/000083.jpg,49,0.4857923248592688,0.33420810103416443,0.6400840282440186,0.07721237744341003
IshiharaSatomi,000051.jpg,/data2/jiyoon/PAI-Bench/data/crawled/imgs/IshiharaSatomi/000051.jpg,49,0.48546905481085484,0.2744147777557373,0.6279628276824951,0.0802277570210529
IshiharaSatomi,000081.jpg,/data2/jiyoon/PAI-Bench/data/crawled/imgs/IshiharaSatomi/000081.jpg,49,0.48485792108944487,0.3270507752895355,0.594616711139679,0.05422045317121734
IshiharaSatomi,000017.jpg,/data2/jiyoon/PAI-Bench/data/crawled/imgs/IshiharaSatomi/000017.jpg,49,0.4763586825254012,0.32761430740356445,0.6130774021148682,0.05564601829098568
IshiharaSatomi,000047.jpg,/data2/jiyoon/PAI-Bench/data/crawled/imgs/IshiharaSatomi/000047.jpg,49,0.4282726000766365,0.2744147777557373,0.5577490329742432,0.058002992516500936
IshiharaSatomi,000063.jpg,/data2/jiyoon/PAI-Bench/data/crawled/imgs/IshiharaSatomi/000063.jpg,49,0.4026897616532384,0.2430620789527893,0.5944581031799316,0.08344253059606949
JKRowling,000029.jpg,/data2/jiyoon/PAI-Bench/data/crawled/imgs/JKRowling/000029.jpg,49,0.7098761152247993,0.5828394889831543,0.9759169220924377,0.08013389385675541
JKRowling,000057.jpg,/data2/jiyoon/PAI-Bench/data/crawled/imgs/JKRowling/000057.jpg,49,0.7080714130888179,0.5591027736663818,0.9118947982788086,0.07159924023462642
JKRowling,000021.jpg,/data2/jiyoon/PAI-Bench/data/crawled/imgs/JKRowling/000021.jpg,49,0.7062896928008722,0.5821719765663147,0.9647295475006104,0.07815224869837809
JKRowling,000008.jpg,/data2/jiyoon/PAI-Bench/data/crawled/imgs/JKRowling/000008.jpg,49,0.7039800736368919,0.5876708030700684,0.8793978691101074,0.05856740146242914
JKRowling,000005.jpg,/data2/jiyoon/PAI-Bench/data/crawled/imgs/JKRowling/000005.jpg,49,0.7032387037666477,0.561983585357666,0.8885035514831543,0.07447820763755086
JKRowling,000055.jpg,/data2/jiyoon/PAI-Bench/data/crawled/imgs/JKRowling/000055.jpg,49,0.700251681464059,0.5663669109344482,0.9759169220924377,0.08079390426192695
JKRowling,000090.jpg,/data2/jiyoon/PAI-Bench/data/crawled/imgs/JKRowling/000090.jpg,49,0.6975623259739,0.5738914012908936,0.8684859275817871,0.06884333059342218
JKRowling,000017.jpg,/data2/jiyoon/PAI-Bench/data/crawled/imgs/JKRowling/000017.jpg,49,0.6972554654491191,0.6200350522994995,0.8934313058853149,0.06245054255202143
JKRowling,000018.jpg,/data2/jiyoon/PAI-Bench/data/crawled/imgs/JKRowling/000018.jpg,49,0.6970643413310148,0.5299988389015198,0.9118947982788086,0.08252465552612709
JKRowling,000096.jpg,/data2/jiyoon/PAI-Bench/data/crawled/imgs/JKRowling/000096.jpg,49,0.6967938712665013,0.5755467414855957,0.9290468096733093,0.09300910167471164
JKRowling,000022.jpg,/data2/jiyoon/PAI-Bench/data/crawled/imgs/JKRowling/000022.jpg,49,0.6957842221065443,0.549153208732605,0.9329414367675781,0.09495230591660452
JKRowling,000009.jpg,/data2/jiyoon/PAI-Bench/data/crawled/imgs/JKRowling/000009.jpg,49,0.6941918913198977,0.5687859058380127,0.8746381998062134,0.053639123703454715
JKRowling,000047.jpg,/data2/jiyoon/PAI-Bench/data/crawled/imgs/JKRowling/000047.jpg,49,0.692461190175037,0.540127158164978,0.9322261810302734,0.0929833559412865
JKRowling,000076.jpg,/data2/jiyoon/PAI-Bench/data/crawled/imgs/JKRowling/000076.jpg,49,0.6883351523049024,0.5308554768562317,0.933838963508606,0.09532247528481434
JKRowling,000051.jpg,/data2/jiyoon/PAI-Bench/data/crawled/imgs/JKRowling/000051.jpg,49,0.6868754187408759,0.5031391382217407,0.933838963508606,0.09398701699102238
JKRowling,000101.jpg,/data2/jiyoon/PAI-Bench/data/crawled/imgs/JKRowling/000101.jpg,49,0.6856592735465692,0.5622444152832031,0.8793978691101074,0.05985908790608255
JKRowling,000053.jpg,/data2/jiyoon/PAI-Bench/data/crawled/imgs/JKRowling/000053.jpg,49,0.68515752164685,0.5856237411499023,0.8746381998062134,0.05189024557453773
JKRowling,000036.jpg,/data2/jiyoon/PAI-Bench/data/crawled/imgs/JKRowling/000036.jpg,49,0.6831955058234078,0.5444381237030029,0.9884139895439148,0.08435406277275226
JKRowling,000038.jpg,/data2/jiyoon/PAI-Bench/data/crawled/imgs/JKRowling/000038.jpg,49,0.6828614260469165,0.494905561208725,0.8527529239654541,0.07249429798594872
JKRowling,000041.jpg,/data2/jiyoon/PAI-Bench/data/crawled/imgs/JKRowling/000041.jpg,49,0.6780779142769016,0.5499721169471741,0.9833174347877502,0.07719384458193337
JKRowling,000087.jpg,/data2/jiyoon/PAI-Bench/data/crawled/imgs/JKRowling/000087.jpg,49,0.6775488975096722,0.5416660308837891,0.9833174347877502,0.07716835096241786
JKRowling,000071.jpg,/data2/jiyoon/PAI-Bench/data/crawled/imgs/JKRowling/000071.jpg,49,0.6765082660986452,0.5460303425788879,0.9433919787406921,0.08283375497743053
JKRowling,000049.jpg,/data2/jiyoon/PAI-Bench/data/crawled/imgs/JKRowling/000049.jpg,49,0.674543563200503,0.5052746534347534,0.9203117489814758,0.09036338988566339
JKRowling,000030.jpg,/data2/jiyoon/PAI-Bench/data/crawled/imgs/JKRowling/000030.jpg,49,0.6741110767636981,0.5483090281486511,0.7789846658706665,0.04602190643311514
JKRowling,000068.jpg,/data2/jiyoon/PAI-Bench/data/crawled/imgs/JKRowling/000068.jpg,49,0.6730632526533944,0.5339164733886719,0.9884139895439148,0.0864112688825969
JKRowling,000015.jpg,/data2/jiyoon/PAI-Bench/data/crawled/imgs/JKRowling/000015.jpg,49,0.6729341964332425,0.5385749340057373,0.8041073083877563,0.051413487073052246
JKRowling,000097.jpg,/data2/jiyoon/PAI-Bench/data/crawled/imgs/JKRowling/000097.jpg,49,0.6702280944707443,0.5308525562286377,0.9793792366981506,0.08552495677358689
JKRowling,106.jpg,/data2/jiyoon/PAI-Bench/data/crawled/imgs/JKRowling/106.jpg,49,0.6683969753129142,0.5026388764381409,0.7463704943656921,0.04533560035268477
JKRowling,000045.jpg,/data2/jiyoon/PAI-Bench/data/crawled/imgs/JKRowling/000045.jpg,49,0.6602117005659609,0.5293568968772888,0.8771326541900635,0.07745939900668299
JKRowling,000065.jpg,/data2/jiyoon/PAI-Bench/data/crawled/imgs/JKRowling/000065.jpg,49,0.6570900423186166,0.5603054761886597,0.8708219528198242,0.05919435485519247
JKRowling,000085.jpg,/data2/jiyoon/PAI-Bench/data/crawled/imgs/JKRowling/000085.jpg,49,0.6499614058708658,0.5395037531852722,0.9650487899780273,0.0654968632816789
JKRowling,000027.jpg,/data2/jiyoon/PAI-Bench/data/crawled/imgs/JKRowling/000027.jpg,49,0.648496721472059,0.5157089829444885,0.7554780840873718,0.05583797636412593
JKRowling,000035.jpg,/data2/jiyoon/PAI-Bench/data/crawled/imgs/JKRowling/000035.jpg,49,0.6484700185911996,0.5306342840194702,0.9650487899780273,0.06448327468757357
JKRowling,000063.jpg,/data2/jiyoon/PAI-Bench/data/crawled/imgs/JKRowling/000063.jpg,49,0.645249352163198,0.5261258482933044,0.7495545148849487,0.04703321612171365
JKRowling,000031.jpg,/data2/jiyoon/PAI-Bench/data/crawled/imgs/JKRowling/000031.jpg,49,0.6438064417060541,0.5461242198944092,0.7919670343399048,0.04844037765499865
JKRowling,000094.jpg,/data2/jiyoon/PAI-Bench/data/crawled/imgs/JKRowling/000094.jpg,49,0.6398943717382393,0.4974648058414459,0.7531341314315796,0.05848635956736447
JKRowling,000102.jpg,/data2/jiyoon/PAI-Bench/data/crawled/imgs/JKRowling/000102.jpg,49,0.635873658316476,0.5244814157485962,0.8041073083877563,0.05509891786222794
JKRowling,000014.jpg,/data2/jiyoon/PAI-Bench/data/crawled/imgs/JKRowling/000014.jpg,49,0.6357691227173319,0.4930275082588196,0.732187807559967,0.047956197114298764
JKRowling,000092.jpg,/data2/jiyoon/PAI-Bench/data/crawled/imgs/JKRowling/000092.jpg,49,0.6344666128255882,0.527245044708252,0.7163236141204834,0.04754479724230787
JKRowling,000060.jpg,/data2/jiyoon/PAI-Bench/data/crawled/imgs/JKRowling/000060.jpg,49,0.6321054490245118,0.5321738719940186,0.7919670343399048,0.05550490799834659
JKRowling,000075.jpg,/data2/jiyoon/PAI-Bench/data/crawled/imgs/JKRowling/000075.jpg,49,0.6275810246564903,0.560214638710022,0.7396717071533203,0.04266065796714912
JKRowling,110.jpg,/data2/jiyoon/PAI-Bench/data/crawled/imgs/JKRowling/110.jpg,49,0.6271269406591143,0.47400468587875366,0.7789846658706665,0.059069904661555594
JKRowling,000012.jpg,/data2/jiyoon/PAI-Bench/data/crawled/imgs/JKRowling/000012.jpg,49,0.620980294383302,0.5070189237594604,0.8708219528198242,0.06292737785221601
JKRowling,000082.jpg,/data2/jiyoon/PAI-Bench/data/crawled/imgs/JKRowling/000082.jpg,49,0.6055335220025511,0.4930275082588196,0.7067573666572571,0.059158321599392855
JKRowling,000078.jpg,/data2/jiyoon/PAI-Bench/data/crawled/imgs/JKRowling/000078.jpg,49,0.6005989617230941,0.5070951581001282,0.7270116806030273,0.04668667165081164
JKRowling,000032.jpg,/data2/jiyoon/PAI-Bench/data/crawled/imgs/JKRowling/000032.jpg,49,0.5992727437797858,0.5070189237594604,0.6787977814674377,0.036478277558777764
JKRowling,000010.jpg,/data2/jiyoon/PAI-Bench/data/crawled/imgs/JKRowling/000010.jpg,49,0.596096150729121,0.47400468587875366,0.6765890121459961,0.044968418985542484
JKRowling,000079.jpg,/data2/jiyoon/PAI-Bench/data/crawled/imgs/JKRowling/000079.jpg,49,0.5920420702622862,0.5228699445724487,0.7270116806030273,0.040337994424870904
JKRowling,000044.jpg,/data2/jiyoon/PAI-Bench/data/crawled/imgs/JKRowling/000044.jpg,49,0.5864638959874913,0.494905561208725,0.697597086429596,0.05139578825774205
JKRowling,111.jpg,/data2/jiyoon/PAI-Bench/data/crawled/imgs/JKRowling/111.jpg,49,0.5798666653584461,0.4974648058414459,0.6956864595413208,0.04367778349891819
Jennie,000107.jpg,/data2/jiyoon/PAI-Bench/data/crawled/imgs/Jennie/000107.jpg,49,0.6454631965987536,0.5222352147102356,0.7446476817131042,0.054932010962924924
Jennie,000112.jpg,/data2/jiyoon/PAI-Bench/data/crawled/imgs/Jennie/000112.jpg,49,0.6119831070608023,0.4589439034461975,0.7041165828704834,0.055627645819421055
Jennie,000096.jpg,/data2/jiyoon/PAI-Bench/data/crawled/imgs/Jennie/000096.jpg,49,0.6103563503343232,0.38192564249038696,0.722588062286377,0.0650847099311438
Jennie,000106.jpg,/data2/jiyoon/PAI-Bench/data/crawled/imgs/Jennie/000106.jpg,49,0.6090603209271723,0.41249746084213257,0.7446476817131042,0.06853354987409258
Jennie,000026.jpg,/data2/jiyoon/PAI-Bench/data/crawled/imgs/Jennie/000026.jpg,49,0.6068589310256802,0.4569692611694336,0.7164849638938904,0.06169182508593498
Jennie,000105.jpg,/data2/jiyoon/PAI-Bench/data/crawled/imgs/Jennie/000105.jpg,49,0.6044488683038828,0.44628435373306274,0.7122859358787537,0.05564940176691413
Jennie,000025.jpg,/data2/jiyoon/PAI-Bench/data/crawled/imgs/Jennie/000025.jpg,49,0.5995755007072371,0.43242335319519043,0.723042905330658,0.0695113356667427
Jennie,000073.jpg,/data2/jiyoon/PAI-Bench/data/crawled/imgs/Jennie/000073.jpg,49,0.5990964295912762,0.4755938947200775,0.6950187087059021,0.05883354218438145
Jennie,000014.jpg,/data2/jiyoon/PAI-Bench/data/crawled/imgs/Jennie/000014.jpg,49,0.5979779569470153,0.4003446102142334,0.7248039841651917,0.0679427369426246
Jennie,000082.jpg,/data2/jiyoon/PAI-Bench/data/crawled/imgs/Jennie/000082.jpg,49,0.5978145635857874,0.43136006593704224,0.7275310754776001,0.06286717454395016
Jennie,000060.jpg,/data2/jiyoon/PAI-Bench/data/crawled/imgs/Jennie/000060.jpg,49,0.592072921748064,0.4429451525211334,0.7298928499221802,0.05784108583987074
Jennie,000068.jpg,/data2/jiyoon/PAI-Bench/data/crawled/imgs/Jennie/000068.jpg,49,0.5898461354022123,0.4358178377151489,0.695061206817627,0.060849590599698605
Jennie,000037.jpg,/data2/jiyoon/PAI-Bench/data/crawled/imgs/Jennie/000037.jpg,49,0.5892313475511513,0.44208136200904846,0.7549991607666016,0.07121052093003821
Jennie,000074.jpg,/data2/jiyoon/PAI-Bench/data/crawled/imgs/Jennie/000074.jpg,49,0.5862838863110056,0.3886444568634033,0.6867492198944092,0.06317790662805435
Jennie,000099.jpg,/data2/jiyoon/PAI-Bench/data/crawled/imgs/Jennie/000099.jpg,49,0.5857928401353408,0.45098090171813965,0.746417760848999,0.06757013453879596
Jennie,000010.jpg,/data2/jiyoon/PAI-Bench/data/crawled/imgs/Jennie/000010.jpg,49,0.5852077433041164,0.44605711102485657,0.7066555023193359,0.06572000779825438
Jennie,000036.jpg,/data2/jiyoon/PAI-Bench/data/crawled/imgs/Jennie/000036.jpg,49,0.5815252290696514,0.43958646059036255,0.7150562405586243,0.06621423860159951
Jennie,000083.jpg,/data2/jiyoon/PAI-Bench/data/crawled/imgs/Jennie/000083.jpg,49,0.5796920158425156,0.4362776279449463,0.7298928499221802,0.06352097736993453
Jennie,000011.jpg,/data2/jiyoon/PAI-Bench/data/crawled/imgs/Jennie/000011.jpg,49,0.5793680895347985,0.2896679937839508,0.706000566482544,0.08464081012041191
Jennie,000100.jpg,/data2/jiyoon/PAI-Bench/data/crawled/imgs/Jennie/000100.jpg,49,0.5792070773183083,0.42831724882125854,0.6876431703567505,0.0628489189650618
Jennie,000004.jpg,/data2/jiyoon/PAI-Bench/data/crawled/imgs/Jennie/000004.jpg,49,0.5790784419799337,0.4017435908317566,0.7275310754776001,0.06705649589174796
Jennie,000013.jpg,/data2/jiyoon/PAI-Bench/data/crawled/imgs/Jennie/000013.jpg,49,0.5783467262375112,0.4289933145046234,0.723110556602478,0.061734944585103264
Jennie,000063.jpg,/data2/jiyoon/PAI-Bench/data/crawled/imgs/Jennie/000063.jpg,49,0.5758720289687721,0.4168136417865753,0.7379257678985596,0.06862684084264192
Jennie,000003.jpg,/data2/jiyoon/PAI-Bench/data/crawled/imgs/Jennie/000003.jpg,49,0.575224502354252,0.4113631844520569,0.7122859358787537,0.05942539142850367
Jennie,000007.jpg,/data2/jiyoon/PAI-Bench/data/crawled/imgs/Jennie/000007.jpg,49,0.5736485062813272,0.4302942752838135,0.740928590297699,0.06898578378668886
Jennie,000114.jpg,/data2/jiyoon/PAI-Bench/data/crawled/imgs/Jennie/000114.jpg,49,0.5708383321762085,0.32341107726097107,0.7248039841651917,0.08402517887206729
Jennie,000111.jpg,/data2/jiyoon/PAI-Bench/data/crawled/imgs/Jennie/000111.jpg,49,0.569922570671354,0.4309121072292328,0.740928590297699,0.06578252459306694
Jennie,000005.jpg,/data2/jiyoon/PAI-Bench/data/crawled/imgs/Jennie/000005.jpg,49,0.5698381242703419,0.3693501353263855,0.746417760848999,0.07456521881229933
Jennie,000033.jpg,/data2/jiyoon/PAI-Bench/data/crawled/imgs/Jennie/000033.jpg,49,0.5689093288110227,0.4128369092941284,0.7549991607666016,0.0793554916079065
Jennie,000094.jpg,/data2/jiyoon/PAI-Bench/data/crawled/imgs/Jennie/000094.jpg,49,0.5618072973222149,0.32256507873535156,0.6856039762496948,0.07075044669338218
Jennie,000028.jpg,/data2/jiyoon/PAI-Bench/data/crawled/imgs/Jennie/000028.jpg,49,0.5612041743434205,0.43810129165649414,0.729150652885437,0.05677464601930453
Jennie,000098.jpg,/data2/jiyoon/PAI-Bench/data/crawled/imgs/Jennie/000098.jpg,49,0.5531976387208822,0.32490551471710205,0.7224093079566956,0.07552253046917114
Jennie,000069.jpg,/data2/jiyoon/PAI-Bench/data/crawled/imgs/Jennie/000069.jpg,49,0.5515570762206097,0.4302007555961609,0.664380669593811,0.05326987870484554
Jennie,000015.jpg,/data2/jiyoon/PAI-Bench/data/crawled/imgs/Jennie/000015.jpg,49,0.5463862102858874,0.29290175437927246,0.6951752305030823,0.07686027662188467
Jennie,000001.jpg,/data2/jiyoon/PAI-Bench/data/crawled/imgs/Jennie/000001.jpg,49,0.5460099760366945,0.4260544776916504,0.6766545176506042,0.05353097984620654
Jennie,000030.jpg,/data2/jiyoon/PAI-Bench/data/crawled/imgs/Jennie/000030.jpg,49,0.5426661858753282,0.3937346935272217,0.6902433633804321,0.06761915871590825
Jennie,000023.jpg,/data2/jiyoon/PAI-Bench/data/crawled/imgs/Jennie/000023.jpg,49,0.5381569898858363,0.3871433734893799,0.678966224193573,0.06196259850569421
Jennie,000062.jpg,/data2/jiyoon/PAI-Bench/data/crawled/imgs/Jennie/000062.jpg,49,0.5317234348277656,0.3283320665359497,0.7379257678985596,0.06515074598767491
Jennie,000035.jpg,/data2/jiyoon/PAI-Bench/data/crawled/imgs/Jennie/000035.jpg,49,0.5306456715476756,0.3446875512599945,0.6898019313812256,0.0697880730290632
Jennie,000045.jpg,/data2/jiyoon/PAI-Bench/data/crawled/imgs/Jennie/000045.jpg,49,0.5289956483305717,0.34392049908638,0.6564235091209412,0.06151497847848101
Jennie,000038.jpg,/data2/jiyoon/PAI-Bench/data/crawled/imgs/Jennie/000038.jpg,49,0.5249999633857182,0.39211952686309814,0.6581013202667236,0.06607046763663155
Jennie,000039.jpg,/data2/jiyoon/PAI-Bench/data/crawled/imgs/Jennie/000039.jpg,49,0.5244826698789791,0.3151662349700928,0.6474969387054443,0.06504714169391208
Jennie,000042.jpg,/data2/jiyoon/PAI-Bench/data/crawled/imgs/Jennie/000042.jpg,49,0.5185917968652687,0.377498060464859,0.6849162578582764,0.07869192656140449
Jennie,000024.jpg,/data2/jiyoon/PAI-Bench/data/crawled/imgs/Jennie/000024.jpg,49,0.5136151873335546,0.31596022844314575,0.7004224061965942,0.0781703534661425
Jennie,000104.jpg,/data2/jiyoon/PAI-Bench/data/crawled/imgs/Jennie/000104.jpg,49,0.5120664889715156,0.39218777418136597,0.6902433633804321,0.06892146864681806
Jennie,000077.jpg,/data2/jiyoon/PAI-Bench/data/crawled/imgs/Jennie/000077.jpg,49,0.5044420981893734,0.3387262225151062,0.6276127696037292,0.06147874263874542
Jennie,000012.jpg,/data2/jiyoon/PAI-Bench/data/crawled/imgs/Jennie/000012.jpg,49,0.5012870023445207,0.3283320665359497,0.647017240524292,0.07756776530392477
Jennie,000006.jpg,/data2/jiyoon/PAI-Bench/data/crawled/imgs/Jennie/000006.jpg,49,0.493512719261403,0.3387262225151062,0.6063267588615417,0.06231309563525174
Jennie,000054.jpg,/data2/jiyoon/PAI-Bench/data/crawled/imgs/Jennie/000054.jpg,49,0.47773186102205395,0.2719140350818634,0.6025834083557129,0.06549866928851039
Jennie,000071.jpg,/data2/jiyoon/PAI-Bench/data/crawled/imgs/Jennie/000071.jpg,49,0.4223473400485759,0.2719140350818634,0.5783940553665161,0.06503568440827187
Obama,000101.jpg,/data2/jiyoon/PAI-Bench/data/crawled/imgs/Obama/000101.jpg,49,0.7512492537498474,0.6441519260406494,0.8359998464584351,0.04587619831708069
Obama,000070.jpg,/data2/jiyoon/PAI-Bench/data/crawled/imgs/Obama/000070.jpg,49,0.7412471965867646,0.6304860711097717,0.8359847068786621,0.047689589154384086
Obama,000024.jpg,/data2/jiyoon/PAI-Bench/data/crawled/imgs/Obama/000024.jpg,49,0.7410039634120708,0.6501326560974121,0.8386680483818054,0.04195997759007397
Obama,000089.jpg,/data2/jiyoon/PAI-Bench/data/crawled/imgs/Obama/000089.jpg,49,0.7390632483423972,0.6343457698822021,0.8386680483818054,0.043818918003718295
Obama,000005.jpg,/data2/jiyoon/PAI-Bench/data/crawled/imgs/Obama/000005.jpg,49,0.7387577684558168,0.620180606842041,0.9669851064682007,0.05761193988671378
Obama,000013.jpg,/data2/jiyoon/PAI-Bench/data/crawled/imgs/Obama/000013.jpg,49,0.7289753203489342,0.6335457563400269,0.869357705116272,0.051024991517398526
Obama,000094.jpg,/data2/jiyoon/PAI-Bench/data/crawled/imgs/Obama/000094.jpg,49,0.7267930118405089,0.6061840057373047,0.8342838883399963,0.05024752554613672
Obama,000011.jpg,/data2/jiyoon/PAI-Bench/data/crawled/imgs/Obama/000011.jpg,49,0.7258210376817353,0.6060222387313843,0.9669851064682007,0.061013530654180435
Obama,000052.jpg,/data2/jiyoon/PAI-Bench/data/crawled/imgs/Obama/000052.jpg,49,0.7238450220652989,0.5873560905456543,0.9521380662918091,0.0586722902692986
Obama,000037.jpg,/data2/jiyoon/PAI-Bench/data/crawled/imgs/Obama/000037.jpg,49,0.7232090952445049,0.6150283813476562,0.9521380662918091,0.05741463655859272
Obama,000006.jpg,/data2/jiyoon/PAI-Bench/data/crawled/imgs/Obama/000006.jpg,49,0.7229864670305836,0.6130348443984985,0.8391627073287964,0.0530085743499212
Obama,000016.jpg,/data2/jiyoon/PAI-Bench/data/crawled/imgs/Obama/000016.jpg,49,0.7214841830487154,0.6459131240844727,0.8180623054504395,0.0413161496758693
Obama,000043.jpg,/data2/jiyoon/PAI-Bench/data/crawled/imgs/Obama/000043.jpg,49,0.720855002500573,0.5955073833465576,0.8258956670761108,0.05046238588653712
Obama,000074.jpg,/data2/jiyoon/PAI-Bench/data/crawled/imgs/Obama/000074.jpg,49,0.7189871182247084,0.6354418992996216,0.819735586643219,0.043110588090733835
Obama,000073.jpg,/data2/jiyoon/PAI-Bench/data/crawled/imgs/Obama/000073.jpg,49,0.716181180915054,0.6129574179649353,0.7820005416870117,0.035100814928710304
Obama,000067.jpg,/data2/jiyoon/PAI-Bench/data/crawled/imgs/Obama/000067.jpg,49,0.7095267200956539,0.6293662786483765,0.869357705116272,0.046570870499142526
Obama,000079.jpg,/data2/jiyoon/PAI-Bench/data/crawled/imgs/Obama/000079.jpg,49,0.709307252144327,0.608855128288269,0.8184877634048462,0.04615866336323303
Obama,000044.jpg,/data2/jiyoon/PAI-Bench/data/crawled/imgs/Obama/000044.jpg,49,0.7053622944014413,0.5643739700317383,0.8550105690956116,0.06839646764812674
Obama,000087.jpg,/data2/jiyoon/PAI-Bench/data/crawled/imgs/Obama/000087.jpg,49,0.7028303195019158,0.5936571359634399,0.7814910411834717,0.046709520248901015
Obama,000093.jpg,/data2/jiyoon/PAI-Bench/data/crawled/imgs/Obama/000093.jpg,49,0.6994469299608347,0.5979045629501343,0.8064690828323364,0.05635108900744833
Obama,000083.jpg,/data2/jiyoon/PAI-Bench/data/crawled/imgs/Obama/000083.jpg,49,0.6986753758119078,0.5677983164787292,0.8064690828323364,0.06623805592066509
Obama,000100.jpg,/data2/jiyoon/PAI-Bench/data/crawled/imgs/Obama/000100.jpg,49,0.6983240538713883,0.5809458494186401,0.8117107152938843,0.0562132491753051
Obama,000084.jpg,/data2/jiyoon/PAI-Bench/data/crawled/imgs/Obama/000084.jpg,49,0.6964458944846172,0.5917494297027588,0.7953019142150879,0.04586478476802739
Obama,000075.jpg,/data2/jiyoon/PAI-Bench/data/crawled/imgs/Obama/000075.jpg,49,0.693838142618841,0.5920472145080566,0.8167910575866699,0.04571153240929182
Obama,000095.jpg,/data2/jiyoon/PAI-Bench/data/crawled/imgs/Obama/000095.jpg,49,0.6928135180959896,0.6069499254226685,0.7683195471763611,0.040084015215234435
Obama,000017.jpg,/data2/jiyoon/PAI-Bench/data/crawled/imgs/Obama/000017.jpg,49,0.6914652002101042,0.6261721849441528,0.7746872901916504,0.039090620254200806
Obama,000003.jpg,/data2/jiyoon/PAI-Bench/data/crawled/imgs/Obama/000003.jpg,49,0.6907916154180255,0.5932859778404236,0.8130090236663818,0.05418218878842132
Obama,000029.jpg,/data2/jiyoon/PAI-Bench/data/crawled/imgs/Obama/000029.jpg,49,0.6887658676322626,0.556401252746582,0.7698136568069458,0.050540931275356686
Obama,000033.jpg,/data2/jiyoon/PAI-Bench/data/crawled/imgs/Obama/000033.jpg,49,0.6875859462485021,0.6091663837432861,0.7702441215515137,0.03806435033880823
Obama,000041.jpg,/data2/jiyoon/PAI-Bench/data/crawled/imgs/Obama/000041.jpg,49,0.6875516249209034,0.572698175907135,0.7683054804801941,0.04354838509672153
Obama,000102.jpg,/data2/jiyoon/PAI-Bench/data/crawled/imgs/Obama/000102.jpg,49,0.6848196776545777,0.5655884742736816,0.7829828262329102,0.05252137615452995
Obama,000097.jpg,/data2/jiyoon/PAI-Bench/data/crawled/imgs/Obama/000097.jpg,49,0.684024128378654,0.5902055501937866,0.7831010818481445,0.04481614510619154
Obama,000001.jpg,/data2/jiyoon/PAI-Bench/data/crawled/imgs/Obama/000001.jpg,49,0.683290353843144,0.5561943054199219,0.971492350101471,0.06653658935104412
Obama,000049.jpg,/data2/jiyoon/PAI-Bench/data/crawled/imgs/Obama/000049.jpg,49,0.6831055867428683,0.5487861633300781,0.8117107152938843,0.05955916795245243
Obama,000053.jpg,/data2/jiyoon/PAI-Bench/data/crawled/imgs/Obama/000053.jpg,49,0.68132120492507,0.5560162663459778,0.9283756613731384,0.06506126538105991
Obama,000088.jpg,/data2/jiyoon/PAI-Bench/data/crawled/imgs/Obama/000088.jpg,49,0.6812895779706993,0.5567378997802734,0.971492350101471,0.06484086560107775
Obama,000060.jpg,/data2/jiyoon/PAI-Bench/data/crawled/imgs/Obama/000060.jpg,49,0.6811543690915011,0.5860525965690613,0.7747743725776672,0.048030100588375715
Obama,000082.jpg,/data2/jiyoon/PAI-Bench/data/crawled/imgs/Obama/000082.jpg,49,0.6788493480001178,0.5692344903945923,0.7937326431274414,0.05238182433182591
Obama,000046.jpg,/data2/jiyoon/PAI-Bench/data/crawled/imgs/Obama/000046.jpg,49,0.6759188296843548,0.5523458123207092,0.7697814702987671,0.049378867895377494
Obama,000054.jpg,/data2/jiyoon/PAI-Bench/data/crawled/imgs/Obama/000054.jpg,49,0.6753918540721037,0.541069746017456,0.9283756613731384,0.06727378392338518
Obama,000059.jpg,/data2/jiyoon/PAI-Bench/data/crawled/imgs/Obama/000059.jpg,49,0.6734778114727565,0.5582304000854492,0.7776937484741211,0.0451149899050138
Obama,000030.jpg,/data2/jiyoon/PAI-Bench/data/crawled/imgs/Obama/000030.jpg,49,0.6729540605934299,0.5415802001953125,0.7603678703308105,0.04803670211146778
Obama,000099.jpg,/data2/jiyoon/PAI-Bench/data/crawled/imgs/Obama/000099.jpg,49,0.6684062736374992,0.5648099184036255,0.791041374206543,0.05227391570048022
Obama,000014.jpg,/data2/jiyoon/PAI-Bench/data/crawled/imgs/Obama/000014.jpg,49,0.6683894687769364,0.6009119153022766,0.7937326431274414,0.03830270089897504
Obama,000012.jpg,/data2/jiyoon/PAI-Bench/data/crawled/imgs/Obama/000012.jpg,49,0.6633157413832995,0.5508794784545898,0.7621276378631592,0.0444067011598836
Obama,000096.jpg,/data2/jiyoon/PAI-Bench/data/crawled/imgs/Obama/000096.jpg,49,0.6625601710105429,0.5523458123207092,0.7801772952079773,0.061084995742901695
Obama,000105.jpg,/data2/jiyoon/PAI-Bench/data/crawled/imgs/Obama/000105.jpg,49,0.6617796189930975,0.551827073097229,0.7438137531280518,0.044018306351914366
Obama,000098.jpg,/data2/jiyoon/PAI-Bench/data/crawled/imgs/Obama/000098.jpg,49,0.6594166840825763,0.541069746017456,0.7783365845680237,0.05480018711229621
Obama,000031.jpg,/data2/jiyoon/PAI-Bench/data/crawled/imgs/Obama/000031.jpg,49,0.6311986872128078,0.5364168286323547,0.73848956823349,0.05221124552979514
Obama,000069.jpg,/data2/jiyoon/PAI-Bench/data/crawled/imgs/Obama/000069.jpg,49,0.6202977299690247,0.5364168286323547,0.7143889665603638,0.04388577080429394
TaylorSwift,109.jpg,/data2/jiyoon/PAI-Bench/data/crawled/imgs/TaylorSwift/109.jpg,49,0.6511079425714454,0.5185233950614929,0.9128391742706299,0.08521738262859163
TaylorSwift,108.jpg,/data2/jiyoon/PAI-Bench/data/crawled/imgs/TaylorSwift/108.jpg,49,0.6501599306962929,0.5203344225883484,0.9128391742706299,0.07974549716494195
TaylorSwift,000101.jpg,/data2/jiyoon/PAI-Bench/data/crawled/imgs/TaylorSwift/000101.jpg,49,0.6390190154922252,0.45930105447769165,0.8005721569061279,0.08614392599779803
TaylorSwift,000037.jpg,/data2/jiyoon/PAI-Bench/data/crawled/imgs/TaylorSwift/000037.jpg,49,0.6143725484001393,0.4321896731853485,0.9597452282905579,0.08333135836974359
TaylorSwift,000013.jpg,/data2/jiyoon/PAI-Bench/data/crawled/imgs/TaylorSwift/000013.jpg,49,0.6124686975868381,0.45945048332214355,0.8005721569061279,0.0829764678258671
TaylorSwift,000020.jpg,/data2/jiyoon/PAI-Bench/data/crawled/imgs/TaylorSwift/000020.jpg,49,0.6059261688164302,0.4175195097923279,0.9597452282905579,0.08554550236930943
TaylorSwift,000066.jpg,/data2/jiyoon/PAI-Bench/data/crawled/imgs/TaylorSwift/000066.jpg,49,0.6037158479495924,0.4384644031524658,1.0000001192092896,0.0922845333574793
TaylorSwift,000085.jpg,/data2/jiyoon/PAI-Bench/data/crawled/imgs/TaylorSwift/000085.jpg,49,0.6037158479495924,0.4384644031524658,1.0000001192092896,0.0922845333574793
TaylorSwift,000062.jpg,/data2/jiyoon/PAI-Bench/data/crawled/imgs/TaylorSwift/000062.jpg,49,0.598864847300004,0.4365355968475342,0.8474981784820557,0.0786819273525772
TaylorSwift,000058.jpg,/data2/jiyoon/PAI-Bench/data/crawled/imgs/TaylorSwift/000058.jpg,49,0.5941656961732981,0.42175132036209106,0.9999999403953552,0.0961052000137327
TaylorSwift,000074.jpg,/data2/jiyoon/PAI-Bench/data/crawled/imgs/TaylorSwift/000074.jpg,49,0.5941656961732981,0.42175132036209106,0.9999999403953552,0.0961052000137327
TaylorSwift,000038.jpg,/data2/jiyoon/PAI-Bench/data/crawled/imgs/TaylorSwift/000038.jpg,49,0.5940946358807233,0.45838361978530884,0.7710347175598145,0.08048557657758695
TaylorSwift,000103.jpg,/data2/jiyoon/PAI-Bench/data/crawled/imgs/TaylorSwift/000103.jpg,49,0.5886915356529002,0.4564427137374878,0.7428773641586304,0.07680739273324043
TaylorSwift,113.jpg,/data2/jiyoon/PAI-Bench/data/crawled/imgs/TaylorSwift/113.jpg,49,0.586547681263515,0.41886112093925476,0.7613024711608887,0.08345189688313531
TaylorSwift,000057.jpg,/data2/jiyoon/PAI-Bench/data/crawled/imgs/TaylorSwift/000057.jpg,49,0.582454473996649,0.4051972031593323,0.9999999403953552,0.099192764703997
TaylorSwift,000073.jpg,/data2/jiyoon/PAI-Bench/data/crawled/imgs/TaylorSwift/000073.jpg,49,0.582454473996649,0.4051972031593323,0.9999999403953552,0.099192764703997
TaylorSwift,115.jpg,/data2/jiyoon/PAI-Bench/data/crawled/imgs/TaylorSwift/115.jpg,49,0.5759171436027605,0.46503111720085144,0.746130108833313,0.06497336396114356
TaylorSwift,000014.jpg,/data2/jiyoon/PAI-Bench/data/crawled/imgs/TaylorSwift/000014.jpg,49,0.571929508326005,0.3775452971458435,0.968124508857727,0.10007582699989387
TaylorSwift,000054.jpg,/data2/jiyoon/PAI-Bench/data/crawled/imgs/TaylorSwift/000054.jpg,49,0.5704864719692542,0.3970524072647095,0.968124508857727,0.09855576042674653
TaylorSwift,000080.jpg,/data2/jiyoon/PAI-Bench/data/crawled/imgs/TaylorSwift/000080.jpg,49,0.5683416663383951,0.402229905128479,0.7159113883972168,0.07764855956678844
TaylorSwift,000010.jpg,/data2/jiyoon/PAI-Bench/data/crawled/imgs/TaylorSwift/000010.jpg,49,0.5650844129980827,0.42605727910995483,0.7030545473098755,0.05630985954519065
TaylorSwift,000046.jpg,/data2/jiyoon/PAI-Bench/data/crawled/imgs/TaylorSwift/000046.jpg,49,0.5643271080085209,0.3745245337486267,0.8474981784820557,0.08773364543981678
TaylorSwift,000048.jpg,/data2/jiyoon/PAI-Bench/data/crawled/imgs/TaylorSwift/000048.jpg,49,0.5643245164228945,0.3548414707183838,0.6944142580032349,0.06831710657091966
TaylorSwift,000035.jpg,/data2/jiyoon/PAI-Bench/data/crawled/imgs/TaylorSwift/000035.jpg,49,0.5605665579134104,0.3195309042930603,0.8459976315498352,0.10318429517836272
TaylorSwift,000019.jpg,/data2/jiyoon/PAI-Bench/data/crawled/imgs/TaylorSwift/000019.jpg,49,0.5533037465445849,0.38420969247817993,0.6778305768966675,0.07018146848513722
TaylorSwift,000069.jpg,/data2/jiyoon/PAI-Bench/data/crawled/imgs/TaylorSwift/000069.jpg,49,0.5521956943735784,0.36819547414779663,0.6998688578605652,0.08026020686542133
TaylorSwift,000012.jpg,/data2/jiyoon/PAI-Bench/data/crawled/imgs/TaylorSwift/000012.jpg,49,0.5492319677557264,0.3670309782028198,0.6845236420631409,0.07679616244034122
TaylorSwift,000032.jpg,/data2/jiyoon/PAI-Bench/data/crawled/imgs/TaylorSwift/000032.jpg,49,0.5441405298758526,0.42228618264198303,0.6960254907608032,0.07667970382673035
TaylorSwift,118.jpg,/data2/jiyoon/PAI-Bench/data/crawled/imgs/TaylorSwift/118.jpg,49,0.5439394621216521,0.40690088272094727,0.6997627019882202,0.06707892239787072
TaylorSwift,000047.jpg,/data2/jiyoon/PAI-Bench/data/crawled/imgs/TaylorSwift/000047.jpg,49,0.5410848077462644,0.28324657678604126,0.9986340999603271,0.12091676946194144
TaylorSwift,000005.jpg,/data2/jiyoon/PAI-Bench/data/crawled/imgs/TaylorSwift/000005.jpg,49,0.540818239353141,0.40808457136154175,0.6523734927177429,0.057582171282967616
TaylorSwift,000036.jpg,/data2/jiyoon/PAI-Bench/data/crawled/imgs/TaylorSwift/000036.jpg,49,0.5391361689080998,0.27907729148864746,0.9986340999603271,0.12097406531566905
TaylorSwift,000096.jpg,/data2/jiyoon/PAI-Bench/data/crawled/imgs/TaylorSwift/000096.jpg,49,0.5371249330287077,0.37982845306396484,0.6951474547386169,0.0788930228595611
TaylorSwift,000097.jpg,/data2/jiyoon/PAI-Bench/data/crawled/imgs/TaylorSwift/000097.jpg,49,0.5193006536182092,0.30380940437316895,0.6377969980239868,0.06651410386004541
TaylorSwift,000064.jpg,/data2/jiyoon/PAI-Bench/data/crawled/imgs/TaylorSwift/000064.jpg,49,0.5145000505204104,0.29403170943260193,1.0,0.1054732145521516
TaylorSwift,000083.jpg,/data2/jiyoon/PAI-Bench/data/crawled/imgs/TaylorSwift/000083.jpg,49,0.5145000505204104,0.29403170943260193,1.0,0.10547321455215161
TaylorSwift,000056.jpg,/data2/jiyoon/PAI-Bench/data/crawled/imgs/TaylorSwift/000056.jpg,49,0.513953655349965,0.2719751000404358,1.0000001192092896,0.12271346164825112
TaylorSwift,000071.jpg,/data2/jiyoon/PAI-Bench/data/crawled/imgs/TaylorSwift/000071.jpg,49,0.513953655349965,0.2719751000404358,1.0000001192092896,0.12271346164825112
TaylorSwift,000070.jpg,/data2/jiyoon/PAI-Bench/data/crawled/imgs/TaylorSwift/000070.jpg,49,0.5133434540154983,0.3301968574523926,0.6787785291671753,0.07871836778847853
TaylorSwift,000008.jpg,/data2/jiyoon/PAI-Bench/data/crawled/imgs/TaylorSwift/000008.jpg,49,0.5077667297149191,0.35353603959083557,0.6298640370368958,0.05684541662759631
TaylorSwift,000009.jpg,/data2/jiyoon/PAI-Bench/data/crawled/imgs/TaylorSwift/000009.jpg,49,0.5071283597119001,0.3958885073661804,0.6345441341400146,0.052044293657123764
TaylorSwift,000006.jpg,/data2/jiyoon/PAI-Bench/data/crawled/imgs/TaylorSwift/000006.jpg,49,0.4991847781502471,0.3312099575996399,0.6470004320144653,0.07971211680854251
TaylorSwift,111.jpg,/data2/jiyoon/PAI-Bench/data/crawled/imgs/TaylorSwift/111.jpg,49,0.49098836645788074,0.2926930785179138,0.6569077968597412,0.09238357408175021
TaylorSwift,000098.jpg,/data2/jiyoon/PAI-Bench/data/crawled/imgs/TaylorSwift/000098.jpg,49,0.4909271464055898,0.2862030267715454,0.6105879545211792,0.07171448735398482
TaylorSwift,000052.jpg,/data2/jiyoon/PAI-Bench/data/crawled/imgs/TaylorSwift/000052.jpg,49,0.48765460447389253,0.3312099575996399,0.642367422580719,0.0723088538800219
TaylorSwift,114.jpg,/data2/jiyoon/PAI-Bench/data/crawled/imgs/TaylorSwift/114.jpg,49,0.48189858210330105,0.29753613471984863,0.6055177450180054,0.08599082042666226
TaylorSwift,000039.jpg,/data2/jiyoon/PAI-Bench/data/crawled/imgs/TaylorSwift/000039.jpg,49,0.4790051220631113,0.33338862657546997,0.665034830570221,0.07866823289316413
TaylorSwift,000021.jpg,/data2/jiyoon/PAI-Bench/data/crawled/imgs/TaylorSwift/000021.jpg,49,0.4787156892066099,0.3215867877006531,0.6597368717193604,0.0831047786000104
TaylorSwift,000091.jpg,/data2/jiyoon/PAI-Bench/data/crawled/imgs/TaylorSwift/000091.jpg,49,0.4552447954002692,0.2719751000404358,0.665034830570221,0.09582750254374309
TaylorSwift,000031.jpg,/data2/jiyoon/PAI-Bench/data/crawled/imgs/TaylorSwift/000031.jpg,49,0.4286515250497935,0.27907729148864746,0.573634147644043,0.0721057202931025
TomHolland,000062.jpg,/data2/jiyoon/PAI-Bench/data/crawled/imgs/TomHolland/000062.jpg,49,0.6865191173796751,0.4911143481731415,0.9999999403953552,0.09944580709040081
TomHolland,000089.jpg,/data2/jiyoon/PAI-Bench/data/crawled/imgs/TomHolland/000089.jpg,49,0.6865191173796751,0.4911143481731415,0.9999999403953552,0.09944580709040081
TomHolland,110.jpg,/data2/jiyoon/PAI-Bench/data/crawled/imgs/TomHolland/110.jpg,49,0.6835865676403046,0.49952736496925354,0.8079888820648193,0.07224117552980541
TomHolland,000026.jpg,/data2/jiyoon/PAI-Bench/data/crawled/imgs/TomHolland/000026.jpg,49,0.6796639038591968,0.5443111062049866,0.8585946559906006,0.08239158590436103
TomHolland,000021.jpg,/data2/jiyoon/PAI-Bench/data/crawled/imgs/TomHolland/000021.jpg,49,0.6775352443967547,0.47834599018096924,0.9630360007286072,0.10245774907750389
TomHolland,113.jpg,/data2/jiyoon/PAI-Bench/data/crawled/imgs/TomHolland/113.jpg,49,0.670176912327202,0.5397483110427856,0.8070077300071716,0.059643145766812025
TomHolland,108.jpg,/data2/jiyoon/PAI-Bench/data/crawled/imgs/TomHolland/108.jpg,49,0.6699558678938418,0.5463777184486389,0.7876431345939636,0.06002933404489503
TomHolland,000055.jpg,/data2/jiyoon/PAI-Bench/data/crawled/imgs/TomHolland/000055.jpg,49,0.6664655056534982,0.49101778864860535,0.8585946559906006,0.08231204521954956
TomHolland,111.jpg,/data2/jiyoon/PAI-Bench/data/crawled/imgs/TomHolland/111.jpg,49,0.6583477149204332,0.4956468939781189,0.8070077300071716,0.0752558799492194
TomHolland,000049.jpg,/data2/jiyoon/PAI-Bench/data/crawled/imgs/TomHolland/000049.jpg,49,0.6583342162930236,0.5014762878417969,0.7876431345939636,0.061761115392332026
TomHolland,000009.jpg,/data2/jiyoon/PAI-Bench/data/crawled/imgs/TomHolland/000009.jpg,49,0.6572165410129391,0.43749386072158813,0.9537845849990845,0.1086504825907729
TomHolland,000092.jpg,/data2/jiyoon/PAI-Bench/data/crawled/imgs/TomHolland/000092.jpg,49,0.6569861483817198,0.48226168751716614,0.8079888820648193,0.06889378186807599
TomHolland,000091.jpg,/data2/jiyoon/PAI-Bench/data/crawled/imgs/TomHolland/000091.jpg,49,0.6538456058015629,0.4386746883392334,0.883514404296875,0.10348444044098971
TomHolland,000075.jpg,/data2/jiyoon/PAI-Bench/data/crawled/imgs/TomHolland/000075.jpg,49,0.6513906352374018,0.42617738246917725,0.9537845849990845,0.11155498114641729
TomHolland,000083.jpg,/data2/jiyoon/PAI-Bench/data/crawled/imgs/TomHolland/000083.jpg,49,0.6486445294350994,0.3996617794036865,0.8825986385345459,0.10120456415809416
TomHolland,000016.jpg,/data2/jiyoon/PAI-Bench/data/crawled/imgs/TomHolland/000016.jpg,49,0.6473922607850056,0.47744303941726685,0.8162113428115845,0.0798962663122852
TomHolland,000010.jpg,/data2/jiyoon/PAI-Bench/data/crawled/imgs/TomHolland/000010.jpg,49,0.641363010114553,0.442596971988678,0.7587106227874756,0.07727514716104611
TomHolland,000038.jpg,/data2/jiyoon/PAI-Bench/data/crawled/imgs/TomHolland/000038.jpg,49,0.6310199310584944,0.4558005928993225,0.9746907949447632,0.08428331286904346
TomHolland,000100.jpg,/data2/jiyoon/PAI-Bench/data/crawled/imgs/TomHolland/000100.jpg,49,0.630549746508501,0.4255797564983368,0.8338114619255066,0.09784417145875736
TomHolland,105.jpg,/data2/jiyoon/PAI-Bench/data/crawled/imgs/TomHolland/105.jpg,49,0.6292058144296918,0.4327504634857178,0.7348757982254028,0.07856644498337348
TomHolland,000035.jpg,/data2/jiyoon/PAI-Bench/data/crawled/imgs/TomHolland/000035.jpg,49,0.6290364812831489,0.3826390504837036,0.8975347876548767,0.11677299175538347
TomHolland,000027.jpg,/data2/jiyoon/PAI-Bench/data/crawled/imgs/TomHolland/000027.jpg,49,0.6287714358495207,0.3577158451080322,0.8975347876548767,0.11148035194671196
TomHolland,000013.jpg,/data2/jiyoon/PAI-Bench/data/crawled/imgs/TomHolland/000013.jpg,49,0.6258947186324061,0.4444368779659271,0.9746907949447632,0.08506473313267392
TomHolland,000079.jpg,/data2/jiyoon/PAI-Bench/data/crawled/imgs/TomHolland/000079.jpg,49,0.617205050526833,0.3859773278236389,0.9734618663787842,0.10097963318765095
TomHolland,000063.jpg,/data2/jiyoon/PAI-Bench/data/crawled/imgs/TomHolland/000063.jpg,49,0.6127013600602442,0.4462953209877014,0.9999999403953552,0.1063130071930933
TomHolland,000090.jpg,/data2/jiyoon/PAI-Bench/data/crawled/imgs/TomHolland/000090.jpg,49,0.6127013600602442,0.4462953209877014,0.9999999403953552,0.1063130071930933
TomHolland,000008.jpg,/data2/jiyoon/PAI-Bench/data/crawled/imgs/TomHolland/000008.jpg,49,0.6117460612131624,0.4385550618171692,0.9911381602287292,0.10694451947455393
TomHolland,107.jpg,/data2/jiyoon/PAI-Bench/data/crawled/imgs/TomHolland/107.jpg,49,0.6095420657371988,0.42165350914001465,0.7587947845458984,0.07510691184210642
TomHolland,000050.jpg,/data2/jiyoon/PAI-Bench/data/crawled/imgs/TomHolland/000050.jpg,49,0.6086660897245213,0.3616531491279602,0.9734618663787842,0.10619940064738746
TomHolland,000047.jpg,/data2/jiyoon/PAI-Bench/data/crawled/imgs/TomHolland/000047.jpg,49,0.6035040483182791,0.3649631142616272,0.9508852362632751,0.08937350295734582
TomHolland,000029.jpg,/data2/jiyoon/PAI-Bench/data/crawled/imgs/TomHolland/000029.jpg,49,0.6005417923538052,0.40982145071029663,0.8162113428115845,0.0858052861765618
TomHolland,000042.jpg,/data2/jiyoon/PAI-Bench/data/crawled/imgs/TomHolland/000042.jpg,49,0.5992318933107414,0.4106371998786926,0.8270423412322998,0.0988587544692413
TomHolland,000076.jpg,/data2/jiyoon/PAI-Bench/data/crawled/imgs/TomHolland/000076.jpg,49,0.5988490526773491,0.40608036518096924,0.8262428641319275,0.09037812589963186
TomHolland,000073.jpg,/data2/jiyoon/PAI-Bench/data/crawled/imgs/TomHolland/000073.jpg,49,0.5980976880813131,0.3972132205963135,0.8270423412322998,0.10034597843475428
TomHolland,000022.jpg,/data2/jiyoon/PAI-Bench/data/crawled/imgs/TomHolland/000022.jpg,49,0.5946651636337748,0.3607119917869568,0.9508852362632751,0.09016992443075834
TomHolland,106.jpg,/data2/jiyoon/PAI-Bench/data/crawled/imgs/TomHolland/106.jpg,49,0.5937146307254324,0.4243403673171997,0.7587947845458984,0.07039328257792496
TomHolland,000097.jpg,/data2/jiyoon/PAI-Bench/data/crawled/imgs/TomHolland/000097.jpg,49,0.5924569678549864,0.3931505084037781,0.6933332681655884,0.07520970390304937
TomHolland,000034.jpg,/data2/jiyoon/PAI-Bench/data/crawled/imgs/TomHolland/000034.jpg,49,0.5915100039268026,0.3996608257293701,0.7105478644371033,0.07818513772590917
TomHolland,000065.jpg,/data2/jiyoon/PAI-Bench/data/crawled/imgs/TomHolland/000065.jpg,49,0.5832715192619635,0.4506646692752838,0.8239026069641113,0.0836672241785286
TomHolland,000024.jpg,/data2/jiyoon/PAI-Bench/data/crawled/imgs/TomHolland/000024.jpg,49,0.5825516003735212,0.4093378186225891,0.7485669851303101,0.09881050427790795
TomHolland,000060.jpg,/data2/jiyoon/PAI-Bench/data/crawled/imgs/TomHolland/000060.jpg,49,0.5776695913198043,0.3646014332771301,0.7485669851303101,0.09369784471958678
TomHolland,000040.jpg,/data2/jiyoon/PAI-Bench/data/crawled/imgs/TomHolland/000040.jpg,49,0.5763769745826721,0.40668660402297974,0.8117891550064087,0.08895661446157303
TomHolland,000030.jpg,/data2/jiyoon/PAI-Bench/data/crawled/imgs/TomHolland/000030.jpg,49,0.574147320523554,0.41556188464164734,0.7466640472412109,0.0756848985467556
TomHolland,000096.jpg,/data2/jiyoon/PAI-Bench/data/crawled/imgs/TomHolland/000096.jpg,49,0.5671008016381945,0.4011051654815674,0.8239026069641113,0.09052875078340418
TomHolland,000046.jpg,/data2/jiyoon/PAI-Bench/data/crawled/imgs/TomHolland/000046.jpg,49,0.556702236131746,0.38246825337409973,0.6811012029647827,0.07114139285498144
TomHolland,000069.jpg,/data2/jiyoon/PAI-Bench/data/crawled/imgs/TomHolland/000069.jpg,49,0.5290154200427386,0.3789893686771393,0.9999998807907104,0.11568416756247321
TomHolland,000098.jpg,/data2/jiyoon/PAI-Bench/data/crawled/imgs/TomHolland/000098.jpg,49,0.5290154200427386,0.3789893686771393,0.9999998807907104,0.1156841675624732
TomHolland,000041.jpg,/data2/jiyoon/PAI-Bench/data/crawled/imgs/TomHolland/000041.jpg,49,0.5147463077185105,0.30018460750579834,0.804724931716919,0.11051554634638053
TomHolland,000044.jpg,/data2/jiyoon/PAI-Bench/data/crawled/imgs/TomHolland/000044.jpg,49,0.5067735946908289,0.3577158451080322,0.6731125712394714,0.075284815564545
TomHolland,000058.jpg,/data2/jiyoon/PAI-Bench/data/crawled/imgs/TomHolland/000058.jpg,49,0.4980051827674009,0.30018460750579834,0.5893900394439697,0.06524142272451924
