celeb1,celeb2,image_id1,image_id2,cosine_similarity,num_features_compared
Jennie,Obama,000001,000001,0.42177844,8
Jennie,Obama,000001,000003,0.3961544,8
Jennie,Obama,000001,000005,0.42068234,7
Jennie,Obama,000001,000006,0.4159862,7
Jennie,Obama,000001,000011,0.38486046,7
Jennie,Obama,000001,000012,0.40772066,8
Jennie,Obama,000001,000013,0.55357134,9
Jennie,Obama,000001,000014,0.44325876,9
Jennie,Obama,000001,000016,0.43455708,6
Jennie,Obama,000001,000017,0.5000619,9
Jennie,Obama,000001,000024,0.45695975,7
Jennie,Obama,000001,000029,0.3743551,7
Jennie,Obama,000001,000030,0.43193236,7
Jennie,Obama,000001,000031,0.53421235,8
Jennie,Obama,000001,000033,0.55412495,9
Jennie,Obama,000001,000037,0.53191453,8
Jennie,Obama,000001,000041,0.45940194,9
Jennie,Obama,000001,000043,0.507413,9
Jennie,Obama,000001,000044,0.5019885,9
Jennie,Obama,000001,000046,0.50416195,8
Jennie,Obama,000001,000049,0.5077227,9
Jennie,Obama,000001,000052,0.5981663,8
Jennie,Obama,000001,000053,0.36620626,6
Jennie,Obama,000001,000054,0.4264912,8
Jennie,Obama,000001,000059,0.41821977,7
Jennie,Obama,000001,000060,0.4804627,6
Jennie,Obama,000001,000067,0.567702,8
Jennie,Obama,000001,000069,0.5043533,9
Jennie,Obama,000001,000070,0.5331888,9
Jennie,Obama,000001,000073,0.42578828,6
Jennie,Obama,000001,000074,0.48264155,9
Jennie,Obama,000001,000075,0.47456917,8
Jennie,Obama,000001,000079,0.49250454,7
Jennie,Obama,000001,000082,0.47406715,8
Jennie,Obama,000001,000083,0.42385092,7
Jennie,Obama,000001,000084,0.4979378,9
Jennie,Obama,000001,000087,0.42914143,7
Jennie,Obama,000001,000088,0.45615748,8
Jennie,Obama,000001,000089,0.54720044,9
Jennie,Obama,000001,000093,0.38916636,8
Jennie,Obama,000001,000094,0.4176053,7
Jennie,Obama,000001,000095,0.43039954,8
Jennie,Obama,000001,000096,0.44554168,7
Jennie,Obama,000001,000097,0.37892818,6
Jennie,Obama,000001,000098,0.48779365,7
Jennie,Obama,000001,000099,0.4443363,9
Jennie,Obama,000001,000100,0.45545375,9
Jennie,Obama,000001,000101,0.5548643,9
Jennie,Obama,000001,000102,0.47031525,9
Jennie,Obama,000001,000105,0.4097691,9
Jennie,Obama,000003,000001,0.51999104,6
Jennie,Obama,000003,000003,0.44018832,7
Jennie,Obama,000003,000005,0.49952844,7
Jennie,Obama,000003,000006,0.5257608,6
Jennie,Obama,000003,000011,0.46592999,7
Jennie,Obama,000003,000012,0.53807646,7
Jennie,Obama,000003,000013,0.48188138,7
Jennie,Obama,000003,000014,0.34693247,7
Jennie,Obama,000003,000016,0.5637406,6
Jennie,Obama,000003,000017,0.49603772,7
Jennie,Obama,000003,000024,0.5577539,7
Jennie,Obama,000003,000029,0.49479717,7
Jennie,Obama,000003,000030,0.537222,7
Jennie,Obama,000003,000031,0.41442809,6
Jennie,Obama,000003,000033,0.5064956,7
Jennie,Obama,000003,000037,0.42848134,6
Jennie,Obama,000003,000041,0.3788667,7
Jennie,Obama,000003,000043,0.40340355,7
Jennie,Obama,000003,000044,0.36846122,7
Jennie,Obama,000003,000046,0.3213346,6
Jennie,Obama,000003,000049,0.45049042,7
Jennie,Obama,000003,000052,0.4550648,6
Jennie,Obama,000003,000053,0.48453668,6
Jennie,Obama,000003,000054,0.35828945,6
Jennie,Obama,000003,000059,0.45230535,7
Jennie,Obama,000003,000060,0.560666,6
Jennie,Obama,000003,000067,0.46756914,6
Jennie,Obama,000003,000069,0.39287513,7
Jennie,Obama,000003,000070,0.4614748,7
Jennie,Obama,000003,000073,0.5306257,6
Jennie,Obama,000003,000074,0.432649,7
Jennie,Obama,000003,000075,0.4675338,7
Jennie,Obama,000003,000079,0.6252192,7
Jennie,Obama,000003,000082,0.37975428,6
Jennie,Obama,000003,000083,0.5217367,7
Jennie,Obama,000003,000084,0.4981831,7
Jennie,Obama,000003,000087,0.5241793,6
Jennie,Obama,000003,000088,0.38977814,6
Jennie,Obama,000003,000089,0.4733734,7
Jennie,Obama,000003,000093,0.49352488,7
Jennie,Obama,000003,000094,0.5446363,7
Jennie,Obama,000003,000095,0.4950532,7
Jennie,Obama,000003,000096,0.55205095,7
Jennie,Obama,000003,000097,0.5409393,6
Jennie,Obama,000003,000098,0.4510472,7
Jennie,Obama,000003,000099,0.48749694,7
Jennie,Obama,000003,000100,0.453128,7
Jennie,Obama,000003,000101,0.47071844,7
Jennie,Obama,000003,000102,0.4166327,7
Jennie,Obama,000003,000105,0.39046866,7
Jennie,Obama,000004,000001,0.4780587,6
Jennie,Obama,000004,000003,0.36357728,7
Jennie,Obama,000004,000005,0.42756847,7
Jennie,Obama,000004,000006,0.43539947,7
Jennie,Obama,000004,000011,0.4015477,7
Jennie,Obama,000004,000012,0.44596153,7
Jennie,Obama,000004,000013,0.43201402,7
Jennie,Obama,000004,000014,0.44957218,6
Jennie,Obama,000004,000016,0.4359889,6
Jennie,Obama,000004,000017,0.47430906,6
Jennie,Obama,000004,000024,0.5156735,7
Jennie,Obama,000004,000029,0.39732316,7
Jennie,Obama,000004,000030,0.5757636,7
Jennie,Obama,000004,000031,0.46597555,7
Jennie,Obama,000004,000033,0.42890123,7
Jennie,Obama,000004,000037,0.42707893,7
Jennie,Obama,000004,000041,0.48979023,7
Jennie,Obama,000004,000043,0.5311927,6
Jennie,Obama,000004,000044,0.42024705,7
Jennie,Obama,000004,000046,0.4188343,6
Jennie,Obama,000004,000049,0.44879493,6
Jennie,Obama,000004,000052,0.47062463,7
Jennie,Obama,000004,000053,0.39984602,7
Jennie,Obama,000004,000054,0.43447533,7
Jennie,Obama,000004,000059,0.41198787,6
Jennie,Obama,000004,000060,0.38265523,7
Jennie,Obama,000004,000067,0.5338382,7
Jennie,Obama,000004,000069,0.47364724,6
Jennie,Obama,000004,000070,0.51845014,6
Jennie,Obama,000004,000073,0.48464173,7
Jennie,Obama,000004,000074,0.4674814,7
Jennie,Obama,000004,000075,0.51442254,6
Jennie,Obama,000004,000079,0.44879553,7
Jennie,Obama,000004,000082,0.44726464,6
Jennie,Obama,000004,000083,0.4861047,7
Jennie,Obama,000004,000084,0.44852987,6
Jennie,Obama,000004,000087,0.40712848,7
Jennie,Obama,000004,000088,0.5073034,6
Jennie,Obama,000004,000089,0.50005734,6
Jennie,Obama,000004,000093,0.45760986,6
Jennie,Obama,000004,000094,0.41012457,7
Jennie,Obama,000004,000095,0.47941354,6
Jennie,Obama,000004,000096,0.44757435,7
Jennie,Obama,000004,000097,0.46129128,6
Jennie,Obama,000004,000098,0.47680613,6
Jennie,Obama,000004,000099,0.45447895,7
Jennie,Obama,000004,000100,0.52690494,7
Jennie,Obama,000004,000101,0.42224187,7
Jennie,Obama,000004,000102,0.4365081,6
Jennie,Obama,000004,000105,0.3865854,7
Jennie,Obama,000005,000001,0.37172478,8
Jennie,Obama,000005,000003,0.39176765,9
Jennie,Obama,000005,000005,0.4151904,8
Jennie,Obama,000005,000006,0.415028,9
Jennie,Obama,000005,000011,0.40223578,8
Jennie,Obama,000005,000012,0.38947043,9
Jennie,Obama,000005,000013,0.52459,11
Jennie,Obama,000005,000014,0.36138093,9
Jennie,Obama,000005,000016,0.43880817,6
Jennie,Obama,000005,000017,0.45966086,10
Jennie,Obama,000005,000024,0.335049,8
Jennie,Obama,000005,000029,0.40024453,8
Jennie,Obama,000005,000030,0.36408275,8
Jennie,Obama,000005,000031,0.49465352,10
Jennie,Obama,000005,000033,0.509753,11
Jennie,Obama,000005,000037,0.4559433,10
Jennie,Obama,000005,000041,0.39114952,11
Jennie,Obama,000005,000043,0.39076218,9
Jennie,Obama,000005,000044,0.42956814,10
Jennie,Obama,000005,000046,0.37488016,8
Jennie,Obama,000005,000049,0.42260972,10
Jennie,Obama,000005,000052,0.46181816,10
Jennie,Obama,000005,000053,0.3607464,7
Jennie,Obama,000005,000054,0.39098305,10
Jennie,Obama,000005,000059,0.35448036,7
Jennie,Obama,000005,000060,0.51509184,7
Jennie,Obama,000005,000067,0.5260267,10
Jennie,Obama,000005,000069,0.3916726,9
Jennie,Obama,000005,000070,0.40395662,9
Jennie,Obama,000005,000073,0.37641606,7
Jennie,Obama,000005,000074,0.43267515,11
Jennie,Obama,000005,000075,0.3929175,8
Jennie,Obama,000005,000079,0.3905422,8
Jennie,Obama,000005,000082,0.4106971,8
Jennie,Obama,000005,000083,0.32765603,8
Jennie,Obama,000005,000084,0.58597773,10
Jennie,Obama,000005,000087,0.3811485,8
Jennie,Obama,000005,000088,0.3849764,8
Jennie,Obama,000005,000089,0.5209073,9
Jennie,Obama,000005,000093,0.29722098,8
Jennie,Obama,000005,000094,0.3869481,8
Jennie,Obama,000005,000095,0.38940156,8
Jennie,Obama,000005,000096,0.35477418,8
Jennie,Obama,000005,000097,0.38487795,6
Jennie,Obama,000005,000098,0.37554017,7
Jennie,Obama,000005,000099,0.3726669,10
Jennie,Obama,000005,000100,0.33918196,11
Jennie,Obama,000005,000101,0.46993914,10
Jennie,Obama,000005,000102,0.39487007,9
Jennie,Obama,000005,000105,0.3303119,11
Jennie,Obama,000006,000001,0.52924967,7
Jennie,Obama,000006,000003,0.40812993,8
Jennie,Obama,000006,000005,0.46490982,7
Jennie,Obama,000006,000006,0.46826062,7
Jennie,Obama,000006,000011,0.4554921,7
Jennie,Obama,000006,000012,0.44483167,8
Jennie,Obama,000006,000013,0.4261994,8
Jennie,Obama,000006,000014,0.39092952,8
Jennie,Obama,000006,000016,0.49908853,6
Jennie,Obama,000006,000017,0.42211547,8
Jennie,Obama,000006,000024,0.5390397,7
Jennie,Obama,000006,000029,0.4892411,7
Jennie,Obama,000006,000030,0.55088943,7
Jennie,Obama,000006,000031,0.36325732,7
Jennie,Obama,000006,000033,0.41653737,8
Jennie,Obama,000006,000037,0.37615517,7
Jennie,Obama,000006,000041,0.38113278,8
Jennie,Obama,000006,000043,0.4658199,8
Jennie,Obama,000006,000044,0.36590487,8
Jennie,Obama,000006,000046,0.38021043,7
Jennie,Obama,000006,000049,0.3515129,8
Jennie,Obama,000006,000052,0.41784403,7
Jennie,Obama,000006,000053,0.48390448,6
Jennie,Obama,000006,000054,0.3528231,7
Jennie,Obama,000006,000059,0.53853077,7
Jennie,Obama,000006,000060,0.46161377,6
Jennie,Obama,000006,000067,0.43106762,7
Jennie,Obama,000006,000069,0.4074494,8
Jennie,Obama,000006,000070,0.40560734,8
Jennie,Obama,000006,000073,0.5691109,6
Jennie,Obama,000006,000074,0.40631253,8
Jennie,Obama,000006,000075,0.44245845,8
Jennie,Obama,000006,000079,0.46028885,7
Jennie,Obama,000006,000082,0.3741991,7
Jennie,Obama,000006,000083,0.4442561,7
Jennie,Obama,000006,000084,0.3634408,8
Jennie,Obama,000006,000087,0.4265489,7
Jennie,Obama,000006,000088,0.41164905,7
Jennie,Obama,000006,000089,0.40961462,8
Jennie,Obama,000006,000093,0.44118753,8
Jennie,Obama,000006,000094,0.44880348,7
Jennie,Obama,000006,000095,0.49659425,8
Jennie,Obama,000006,000096,0.4418152,7
Jennie,Obama,000006,000097,0.53113514,6
Jennie,Obama,000006,000098,0.41621217,7
Jennie,Obama,000006,000099,0.47821665,8
Jennie,Obama,000006,000100,0.444683,8
Jennie,Obama,000006,000101,0.44013554,8
Jennie,Obama,000006,000102,0.375489,8
Jennie,Obama,000006,000105,0.34520996,8
Jennie,Obama,000007,000001,0.50977945,8
Jennie,Obama,000007,000003,0.47057757,9
Jennie,Obama,000007,000005,0.520483,8
Jennie,Obama,000007,000006,0.48554462,9
Jennie,Obama,000007,000011,0.46188325,8
Jennie,Obama,000007,000012,0.4029449,9
Jennie,Obama,000007,000013,0.5200125,11
Jennie,Obama,000007,000014,0.52541524,9
Jennie,Obama,000007,000016,0.48542073,6
Jennie,Obama,000007,000017,0.604884,10
Jennie,Obama,000007,000024,0.4810165,8
Jennie,Obama,000007,000029,0.5321332,8
Jennie,Obama,000007,000030,0.42973158,8
Jennie,Obama,000007,000031,0.47383657,10
Jennie,Obama,000007,000033,0.5895961,11
Jennie,Obama,000007,000037,0.42038622,10
Jennie,Obama,000007,000041,0.54906875,11
Jennie,Obama,000007,000043,0.5624779,9
Jennie,Obama,000007,000044,0.5050272,10
Jennie,Obama,000007,000046,0.5856669,8
Jennie,Obama,000007,000049,0.58043975,10
Jennie,Obama,000007,000052,0.4991351,10
Jennie,Obama,000007,000053,0.4762546,7
Jennie,Obama,000007,000054,0.48778614,10
Jennie,Obama,000007,000059,0.5133956,7
Jennie,Obama,000007,000060,0.49841514,7
Jennie,Obama,000007,000067,0.5482433,10
Jennie,Obama,000007,000069,0.57008576,9
Jennie,Obama,000007,000070,0.58623815,9
Jennie,Obama,000007,000073,0.48682985,7
Jennie,Obama,000007,000074,0.532207,11
Jennie,Obama,000007,000075,0.53807884,8
Jennie,Obama,000007,000079,0.54541576,8
Jennie,Obama,000007,000082,0.58231324,8
Jennie,Obama,000007,000083,0.5388025,8
Jennie,Obama,000007,000084,0.5402142,10
Jennie,Obama,000007,000087,0.45268926,8
Jennie,Obama,000007,000088,0.5758902,8
Jennie,Obama,000007,000089,0.59668285,9
Jennie,Obama,000007,000093,0.48379198,8
Jennie,Obama,000007,000094,0.5258726,8
Jennie,Obama,000007,000095,0.44856992,8
Jennie,Obama,000007,000096,0.535143,8
Jennie,Obama,000007,000097,0.44670022,6
Jennie,Obama,000007,000098,0.5675778,7
Jennie,Obama,000007,000099,0.5423289,10
Jennie,Obama,000007,000100,0.4874171,11
Jennie,Obama,000007,000101,0.58626,10
Jennie,Obama,000007,000102,0.5762916,9
Jennie,Obama,000007,000105,0.48496845,11
Jennie,Obama,000010,000001,0.38245893,8
Jennie,Obama,000010,000003,0.3844873,7
Jennie,Obama,000010,000005,0.44595,6
Jennie,Obama,000010,000006,0.4111697,7
Jennie,Obama,000010,000011,0.44279745,6
Jennie,Obama,000010,000012,0.3914376,7
Jennie,Obama,000010,000013,0.49129695,8
Jennie,Obama,000010,000014,0.42581287,8
Jennie,Obama,000010,000016,0.4958534,6
Jennie,Obama,000010,000017,0.4848267,8
Jennie,Obama,000010,000024,0.3874496,6
Jennie,Obama,000010,000029,0.39679894,6
Jennie,Obama,000010,000030,0.40642127,6
Jennie,Obama,000010,000031,0.5489507,8
Jennie,Obama,000010,000033,0.49560037,8
Jennie,Obama,000010,000037,0.4762548,8
Jennie,Obama,000010,000041,0.46302786,8
Jennie,Obama,000010,000043,0.54215604,8
Jennie,Obama,000010,000044,0.47897246,8
Jennie,Obama,000010,000046,0.4309606,8
Jennie,Obama,000010,000049,0.42897117,8
Jennie,Obama,000010,000052,0.5070002,8
Jennie,Obama,000010,000053,0.40511212,6
Jennie,Obama,000010,000054,0.44259483,8
Jennie,Obama,000010,000059,0.41576812,6
Jennie,Obama,000010,000060,0.46106318,6
Jennie,Obama,000010,000067,0.56724733,8
Jennie,Obama,000010,000069,0.46675956,8
Jennie,Obama,000010,000070,0.49046445,8
Jennie,Obama,000010,000073,0.41693652,6
Jennie,Obama,000010,000074,0.43319577,8
Jennie,Obama,000010,000075,0.41036335,7
Jennie,Obama,000010,000079,0.4040203,6
Jennie,Obama,000010,000082,0.42344913,8
Jennie,Obama,000010,000083,0.40390503,6
Jennie,Obama,000010,000084,0.4963304,8
Jennie,Obama,000010,000087,0.41787174,7
Jennie,Obama,000010,000088,0.4371292,8
Jennie,Obama,000010,000089,0.5529696,8
Jennie,Obama,000010,000093,0.3637409,7
Jennie,Obama,000010,000094,0.3986856,6
Jennie,Obama,000010,000095,0.39618585,7
Jennie,Obama,000010,000096,0.3728987,6
Jennie,Obama,000010,000097,0.4310021,6
Jennie,Obama,000010,000098,0.44614315,6
Jennie,Obama,000010,000099,0.41299734,8
Jennie,Obama,000010,000100,0.3801909,8
Jennie,Obama,000010,000101,0.49474952,8
Jennie,Obama,000010,000102,0.44086468,8
Jennie,Obama,000010,000105,0.36724076,8
Jennie,Obama,000011,000001,0.46948305,8
Jennie,Obama,000011,000003,0.46718815,7
Jennie,Obama,000011,000005,0.5406482,6
Jennie,Obama,000011,000006,0.48165438,7
Jennie,Obama,000011,000011,0.4896225,6
Jennie,Obama,000011,000012,0.46050447,7
Jennie,Obama,000011,000013,0.61612636,8
Jennie,Obama,000011,000014,0.5048648,8
Jennie,Obama,000011,000016,0.52697253,6
Jennie,Obama,000011,000017,0.60888547,8
Jennie,Obama,000011,000024,0.51945263,6
Jennie,Obama,000011,000029,0.45342505,6
Jennie,Obama,000011,000030,0.52749354,6
Jennie,Obama,000011,000031,0.55770004,8
Jennie,Obama,000011,000033,0.60452694,8
Jennie,Obama,000011,000037,0.47520238,8
Jennie,Obama,000011,000041,0.5557364,8
Jennie,Obama,000011,000043,0.57997334,8
Jennie,Obama,000011,000044,0.54024076,8
Jennie,Obama,000011,000046,0.5567598,8
Jennie,Obama,000011,000049,0.59622496,8
Jennie,Obama,000011,000052,0.5450398,8
Jennie,Obama,000011,000053,0.45016563,6
Jennie,Obama,000011,000054,0.48862106,8
Jennie,Obama,000011,000059,0.4481001,6
Jennie,Obama,000011,000060,0.48891607,6
Jennie,Obama,000011,000067,0.681291,8
Jennie,Obama,000011,000069,0.57072556,8
Jennie,Obama,000011,000070,0.61941487,8
Jennie,Obama,000011,000073,0.52988875,6
Jennie,Obama,000011,000074,0.5836247,8
Jennie,Obama,000011,000075,0.5294387,7
Jennie,Obama,000011,000079,0.54886705,6
Jennie,Obama,000011,000082,0.56927997,8
Jennie,Obama,000011,000083,0.5361032,6
Jennie,Obama,000011,000084,0.58337915,8
Jennie,Obama,000011,000087,0.47502646,7
Jennie,Obama,000011,000088,0.574072,8
Jennie,Obama,000011,000089,0.6636962,8
Jennie,Obama,000011,000093,0.44382936,7
Jennie,Obama,000011,000094,0.49936113,6
Jennie,Obama,000011,000095,0.5201506,7
Jennie,Obama,000011,000096,0.51298165,6
Jennie,Obama,000011,000097,0.49916783,6
Jennie,Obama,000011,000098,0.62953204,6
Jennie,Obama,000011,000099,0.538164,8
Jennie,Obama,000011,000100,0.5302138,8
Jennie,Obama,000011,000101,0.6219533,8
Jennie,Obama,000011,000102,0.5407995,8
Jennie,Obama,000011,000105,0.47772202,8
Jennie,Obama,000012,000001,0.3791434,7
Jennie,Obama,000012,000003,0.3960653,8
Jennie,Obama,000012,000005,0.4570703,8
Jennie,Obama,000012,000006,0.4602024,7
Jennie,Obama,000012,000011,0.43064764,8
Jennie,Obama,000012,000012,0.37245607,8
Jennie,Obama,000012,000013,0.44394317,9
Jennie,Obama,000012,000014,0.40960863,8
Jennie,Obama,000012,000016,0.4968324,6
Jennie,Obama,000012,000017,0.51722604,8
Jennie,Obama,000012,000024,0.42406163,8
Jennie,Obama,000012,000029,0.45605558,8
Jennie,Obama,000012,000030,0.42378443,8
Jennie,Obama,000012,000031,0.43561623,8
Jennie,Obama,000012,000033,0.4569826,9
Jennie,Obama,000012,000037,0.40799117,8
Jennie,Obama,000012,000041,0.4099494,9
Jennie,Obama,000012,000043,0.47344172,8
Jennie,Obama,000012,000044,0.43689114,9
Jennie,Obama,000012,000046,0.39353922,7
Jennie,Obama,000012,000049,0.4820355,8
Jennie,Obama,000012,000052,0.4498106,8
Jennie,Obama,000012,000053,0.38373613,7
Jennie,Obama,000012,000054,0.38841388,8
Jennie,Obama,000012,000059,0.41768163,7
Jennie,Obama,000012,000060,0.46138665,7
Jennie,Obama,000012,000067,0.46795195,8
Jennie,Obama,000012,000069,0.47399485,8
Jennie,Obama,000012,000070,0.48524857,8
Jennie,Obama,000012,000073,0.41749287,7
Jennie,Obama,000012,000074,0.43580166,9
Jennie,Obama,000012,000075,0.49535316,7
Jennie,Obama,000012,000079,0.43588972,8
Jennie,Obama,000012,000082,0.4192164,7
Jennie,Obama,000012,000083,0.43331334,8
Jennie,Obama,000012,000084,0.4499695,8
Jennie,Obama,000012,000087,0.4031487,7
Jennie,Obama,000012,000088,0.41272742,7
Jennie,Obama,000012,000089,0.53678036,8
Jennie,Obama,000012,000093,0.39048117,7
Jennie,Obama,000012,000094,0.44449174,8
Jennie,Obama,000012,000095,0.42756635,7
Jennie,Obama,000012,000096,0.42854565,8
Jennie,Obama,000012,000097,0.44064113,6
Jennie,Obama,000012,000098,0.48463637,7
Jennie,Obama,000012,000099,0.41903493,9
Jennie,Obama,000012,000100,0.40206715,9
Jennie,Obama,000012,000101,0.46517017,9
Jennie,Obama,000012,000102,0.42107233,8
Jennie,Obama,000012,000105,0.3788861,9
Jennie,Obama,000013,000001,0.43059105,8
Jennie,Obama,000013,000003,0.44167677,7
Jennie,Obama,000013,000005,0.5064475,6
Jennie,Obama,000013,000006,0.423525,7
Jennie,Obama,000013,000011,0.44541702,6
Jennie,Obama,000013,000012,0.40125838,7
Jennie,Obama,000013,000013,0.44139594,8
Jennie,Obama,000013,000014,0.47540474,8
Jennie,Obama,000013,000016,0.45634463,6
Jennie,Obama,000013,000017,0.5052584,8
Jennie,Obama,000013,000024,0.4416825,6
Jennie,Obama,000013,000029,0.42889762,6
Jennie,Obama,000013,000030,0.5005648,6
Jennie,Obama,000013,000031,0.5163493,8
Jennie,Obama,000013,000033,0.51833844,8
Jennie,Obama,000013,000037,0.38233387,8
Jennie,Obama,000013,000041,0.51156926,8
Jennie,Obama,000013,000043,0.5418004,8
Jennie,Obama,000013,000044,0.50008345,8
Jennie,Obama,000013,000046,0.47595876,8
Jennie,Obama,000013,000049,0.5335179,8
Jennie,Obama,000013,000052,0.43943527,8
Jennie,Obama,000013,000053,0.4005243,6
Jennie,Obama,000013,000054,0.44359314,8
Jennie,Obama,000013,000059,0.43615735,6
Jennie,Obama,000013,000060,0.4350041,6
Jennie,Obama,000013,000067,0.5268896,8
Jennie,Obama,000013,000069,0.46173543,8
Jennie,Obama,000013,000070,0.5589987,8
Jennie,Obama,000013,000073,0.46104512,6
Jennie,Obama,000013,000074,0.47798562,8
Jennie,Obama,000013,000075,0.4942014,7
Jennie,Obama,000013,000079,0.48916206,6
Jennie,Obama,000013,000082,0.44676912,8
Jennie,Obama,000013,000083,0.4927986,6
Jennie,Obama,000013,000084,0.47881988,8
Jennie,Obama,000013,000087,0.418246,7
Jennie,Obama,000013,000088,0.47401035,8
Jennie,Obama,000013,000089,0.5604921,8
Jennie,Obama,000013,000093,0.42689258,7
Jennie,Obama,000013,000094,0.40943646,6
Jennie,Obama,000013,000095,0.4904878,7
Jennie,Obama,000013,000096,0.45200762,6
Jennie,Obama,000013,000097,0.42520562,6
Jennie,Obama,000013,000098,0.510881,6
Jennie,Obama,000013,000099,0.51532656,8
Jennie,Obama,000013,000100,0.46812272,8
Jennie,Obama,000013,000101,0.5248271,8
Jennie,Obama,000013,000102,0.5063738,8
Jennie,Obama,000013,000105,0.36457804,8
Jennie,Obama,000014,000001,0.41200534,8
Jennie,Obama,000014,000003,0.34942356,8
Jennie,Obama,000014,000005,0.38161454,7
Jennie,Obama,000014,000006,0.39364547,7
Jennie,Obama,000014,000011,0.34470966,7
Jennie,Obama,000014,000012,0.37724686,8
Jennie,Obama,000014,000013,0.45329905,9
Jennie,Obama,000014,000014,0.39922255,9
Jennie,Obama,000014,000016,0.401338,6
Jennie,Obama,000014,000017,0.47444594,9
Jennie,Obama,000014,000024,0.4768574,7
Jennie,Obama,000014,000029,0.3872965,7
Jennie,Obama,000014,000030,0.4773266,7
Jennie,Obama,000014,000031,0.44274035,8
Jennie,Obama,000014,000033,0.5346754,9
Jennie,Obama,000014,000037,0.3787071,8
Jennie,Obama,000014,000041,0.47117648,9
Jennie,Obama,000014,000043,0.4933114,9
Jennie,Obama,000014,000044,0.40398064,9
Jennie,Obama,000014,000046,0.4506569,8
Jennie,Obama,000014,000049,0.49394715,9
Jennie,Obama,000014,000052,0.44077826,8
Jennie,Obama,000014,000053,0.33751857,6
Jennie,Obama,000014,000054,0.3823605,8
Jennie,Obama,000014,000059,0.40400642,7
Jennie,Obama,000014,000060,0.37807927,6
Jennie,Obama,000014,000067,0.5110041,8
Jennie,Obama,000014,000069,0.4623874,9
Jennie,Obama,000014,000070,0.5039642,9
Jennie,Obama,000014,000073,0.39906296,6
Jennie,Obama,000014,000074,0.46713802,9
Jennie,Obama,000014,000075,0.48519105,8
Jennie,Obama,000014,000079,0.4790543,7
Jennie,Obama,000014,000082,0.44810617,8
Jennie,Obama,000014,000083,0.42650858,7
Jennie,Obama,000014,000084,0.456684,9
Jennie,Obama,000014,000087,0.36846024,7
Jennie,Obama,000014,000088,0.4766748,8
Jennie,Obama,000014,000089,0.59497267,9
Jennie,Obama,000014,000093,0.38107693,8
Jennie,Obama,000014,000094,0.38331673,7
Jennie,Obama,000014,000095,0.42675963,8
Jennie,Obama,000014,000096,0.4166191,7
Jennie,Obama,000014,000097,0.39851165,6
Jennie,Obama,000014,000098,0.45215672,7
Jennie,Obama,000014,000099,0.43386784,9
Jennie,Obama,000014,000100,0.39068025,9
Jennie,Obama,000014,000101,0.51887566,9
Jennie,Obama,000014,000102,0.40726292,9
Jennie,Obama,000014,000105,0.3773594,9
Jennie,Obama,000015,000001,0.4614151,8
Jennie,Obama,000015,000003,0.37408653,7
Jennie,Obama,000015,000005,0.40455964,6
Jennie,Obama,000015,000006,0.36513373,7
Jennie,Obama,000015,000011,0.3784465,6
Jennie,Obama,000015,000012,0.35159892,7
Jennie,Obama,000015,000013,0.5279943,8
Jennie,Obama,000015,000014,0.48330653,8
Jennie,Obama,000015,000016,0.42078146,6
Jennie,Obama,000015,000017,0.51616085,8
Jennie,Obama,000015,000024,0.43052593,6
Jennie,Obama,000015,000029,0.41358912,6
Jennie,Obama,000015,000030,0.4734433,6
Jennie,Obama,000015,000031,0.47036803,8
Jennie,Obama,000015,000033,0.5434345,8
Jennie,Obama,000015,000037,0.46724197,8
Jennie,Obama,000015,000041,0.48441374,8
Jennie,Obama,000015,000043,0.46769553,8
Jennie,Obama,000015,000044,0.45535544,8
Jennie,Obama,000015,000046,0.5252495,8
Jennie,Obama,000015,000049,0.43918276,8
Jennie,Obama,000015,000052,0.4952321,8
Jennie,Obama,000015,000053,0.39237782,6
Jennie,Obama,000015,000054,0.45052373,8
Jennie,Obama,000015,000059,0.46341184,6
Jennie,Obama,000015,000060,0.3780553,6
Jennie,Obama,000015,000067,0.5262417,8
Jennie,Obama,000015,000069,0.5300932,8
Jennie,Obama,000015,000070,0.5212611,8
Jennie,Obama,000015,000073,0.42460945,6
Jennie,Obama,000015,000074,0.5171188,8
Jennie,Obama,000015,000075,0.50534755,7
Jennie,Obama,000015,000079,0.3984078,6
Jennie,Obama,000015,000082,0.49309328,8
Jennie,Obama,000015,000083,0.40318286,6
Jennie,Obama,000015,000084,0.47459134,8
Jennie,Obama,000015,000087,0.3317216,7
Jennie,Obama,000015,000088,0.48672748,8
Jennie,Obama,000015,000089,0.56823504,8
Jennie,Obama,000015,000093,0.44992062,7
Jennie,Obama,000015,000094,0.39087197,6
Jennie,Obama,000015,000095,0.46709946,7
Jennie,Obama,000015,000096,0.36708713,6
Jennie,Obama,000015,000097,0.34780887,6
Jennie,Obama,000015,000098,0.48845688,6
Jennie,Obama,000015,000099,0.4413234,8
Jennie,Obama,000015,000100,0.43095306,8
Jennie,Obama,000015,000101,0.5585631,8
Jennie,Obama,000015,000102,0.48292753,8
Jennie,Obama,000015,000105,0.48952928,8
Jennie,Obama,000023,000001,0.4752361,8
Jennie,Obama,000023,000003,0.46421236,8
Jennie,Obama,000023,000005,0.49454147,7
Jennie,Obama,000023,000006,0.4598743,7
Jennie,Obama,000023,000011,0.47159228,7
Jennie,Obama,000023,000012,0.43547344,8
Jennie,Obama,000023,000013,0.36587206,9
Jennie,Obama,000023,000014,0.35637414,9
Jennie,Obama,000023,000016,0.5181565,6
Jennie,Obama,000023,000017,0.45975092,9
Jennie,Obama,000023,000024,0.59357166,7
Jennie,Obama,000023,000029,0.5226287,7
Jennie,Obama,000023,000030,0.5312556,7
Jennie,Obama,000023,000031,0.41618174,8
Jennie,Obama,000023,000033,0.48735774,9
Jennie,Obama,000023,000037,0.3176375,8
Jennie,Obama,000023,000041,0.46500218,9
Jennie,Obama,000023,000043,0.48804596,9
Jennie,Obama,000023,000044,0.4199673,9
Jennie,Obama,000023,000046,0.3692302,8
Jennie,Obama,000023,000049,0.5154894,9
Jennie,Obama,000023,000052,0.3726604,8
Jennie,Obama,000023,000053,0.44433308,6
Jennie,Obama,000023,000054,0.3408001,8
Jennie,Obama,000023,000059,0.5267522,7
Jennie,Obama,000023,000060,0.5124896,6
Jennie,Obama,000023,000067,0.45217758,8
Jennie,Obama,000023,000069,0.3949319,9
Jennie,Obama,000023,000070,0.50720155,9
Jennie,Obama,000023,000073,0.44891843,6
Jennie,Obama,000023,000074,0.45205462,9
Jennie,Obama,000023,000075,0.46545747,8
Jennie,Obama,000023,000079,0.55055374,7
Jennie,Obama,000023,000082,0.35793748,8
Jennie,Obama,000023,000083,0.5950984,7
Jennie,Obama,000023,000084,0.41627437,9
Jennie,Obama,000023,000087,0.4857343,7
Jennie,Obama,000023,000088,0.37884477,8
Jennie,Obama,000023,000089,0.4540056,9
Jennie,Obama,000023,000093,0.5303306,8
Jennie,Obama,000023,000094,0.46841833,7
Jennie,Obama,000023,000095,0.45947823,8
Jennie,Obama,000023,000096,0.5348021,7
Jennie,Obama,000023,000097,0.4802505,6
Jennie,Obama,000023,000098,0.4440379,7
Jennie,Obama,000023,000099,0.5426628,9
Jennie,Obama,000023,000100,0.571974,9
Jennie,Obama,000023,000101,0.48942512,9
Jennie,Obama,000023,000102,0.49285343,9
Jennie,Obama,000023,000105,0.34891593,9
Jennie,Obama,000024,000001,0.41930732,8
Jennie,Obama,000024,000003,0.41825497,8
Jennie,Obama,000024,000005,0.5467959,7
Jennie,Obama,000024,000006,0.38114655,9
Jennie,Obama,000024,000011,0.53123844,7
Jennie,Obama,000024,000012,0.39739823,8
Jennie,Obama,000024,000013,0.4894103,10
Jennie,Obama,000024,000014,0.5266216,8
Jennie,Obama,000024,000016,0.42189503,6
Jennie,Obama,000024,000017,0.49049792,9
Jennie,Obama,000024,000024,0.46338084,7
Jennie,Obama,000024,000029,0.40718228,7
Jennie,Obama,000024,000030,0.45519623,7
Jennie,Obama,000024,000031,0.454894,10
Jennie,Obama,000024,000033,0.55634236,10
Jennie,Obama,000024,000037,0.44454446,10
Jennie,Obama,000024,000041,0.49326667,10
Jennie,Obama,000024,000043,0.47552064,8
Jennie,Obama,000024,000044,0.49326944,9
Jennie,Obama,000024,000046,0.51805747,8
Jennie,Obama,000024,000049,0.46765506,9
Jennie,Obama,000024,000052,0.5320722,10
Jennie,Obama,000024,000053,0.44069982,7
Jennie,Obama,000024,000054,0.49531937,10
Jennie,Obama,000024,000059,0.4379374,6
Jennie,Obama,000024,000060,0.4122846,7
Jennie,Obama,000024,000067,0.5084441,10
Jennie,Obama,000024,000069,0.5091488,8
Jennie,Obama,000024,000070,0.5222536,8
Jennie,Obama,000024,000073,0.42123598,7
Jennie,Obama,000024,000074,0.6049806,10
Jennie,Obama,000024,000075,0.45881483,7
Jennie,Obama,000024,000079,0.5750391,7
Jennie,Obama,000024,000082,0.51294243,8
Jennie,Obama,000024,000083,0.46108606,7
Jennie,Obama,000024,000084,0.46090475,9
Jennie,Obama,000024,000087,0.46573496,8
Jennie,Obama,000024,000088,0.4468534,8
Jennie,Obama,000024,000089,0.5523393,8
Jennie,Obama,000024,000093,0.4553034,7
Jennie,Obama,000024,000094,0.40225056,7
Jennie,Obama,000024,000095,0.4703775,7
Jennie,Obama,000024,000096,0.5267783,7
Jennie,Obama,000024,000097,0.38148513,6
Jennie,Obama,000024,000098,0.5510778,6
Jennie,Obama,000024,000099,0.4739337,9
Jennie,Obama,000024,000100,0.46049643,10
Jennie,Obama,000024,000101,0.5895907,9
Jennie,Obama,000024,000102,0.50334704,8
Jennie,Obama,000024,000105,0.44432536,10
Jennie,Obama,000025,000001,0.40626565,8
Jennie,Obama,000025,000003,0.412087,7
Jennie,Obama,000025,000005,0.43031418,6
Jennie,Obama,000025,000006,0.38765174,7
Jennie,Obama,000025,000011,0.41048813,6
Jennie,Obama,000025,000012,0.40723965,7
Jennie,Obama,000025,000013,0.5140752,8
Jennie,Obama,000025,000014,0.4795438,8
Jennie,Obama,000025,000016,0.46179608,6
Jennie,Obama,000025,000017,0.51849246,8
Jennie,Obama,000025,000024,0.44621065,6
Jennie,Obama,000025,000029,0.37795123,6
Jennie,Obama,000025,000030,0.43531832,6
Jennie,Obama,000025,000031,0.53270423,8
Jennie,Obama,000025,000033,0.55316436,8
Jennie,Obama,000025,000037,0.51796377,8
Jennie,Obama,000025,000041,0.4561695,8
Jennie,Obama,000025,000043,0.5247766,8
Jennie,Obama,000025,000044,0.4991637,8
Jennie,Obama,000025,000046,0.45284164,8
Jennie,Obama,000025,000049,0.48408628,8
Jennie,Obama,000025,000052,0.54482424,8
Jennie,Obama,000025,000053,0.33678535,6
Jennie,Obama,000025,000054,0.42172754,8
Jennie,Obama,000025,000059,0.44935265,6
Jennie,Obama,000025,000060,0.4721745,6
Jennie,Obama,000025,000067,0.51672995,8
Jennie,Obama,000025,000069,0.4976042,8
Jennie,Obama,000025,000070,0.58464617,8
Jennie,Obama,000025,000073,0.4136789,6
Jennie,Obama,000025,000074,0.4763915,8
Jennie,Obama,000025,000075,0.47332332,7
Jennie,Obama,000025,000079,0.45809415,6
Jennie,Obama,000025,000082,0.44617933,8
Jennie,Obama,000025,000083,0.4606354,6
Jennie,Obama,000025,000084,0.46879202,8
Jennie,Obama,000025,000087,0.42707914,7
Jennie,Obama,000025,000088,0.45888928,8
Jennie,Obama,000025,000089,0.56505835,8
Jennie,Obama,000025,000093,0.42506,7
Jennie,Obama,000025,000094,0.43230745,6
Jennie,Obama,000025,000095,0.45770893,7
Jennie,Obama,000025,000096,0.43379113,6
Jennie,Obama,000025,000097,0.40286484,6
Jennie,Obama,000025,000098,0.5158929,6
Jennie,Obama,000025,000099,0.46585584,8
Jennie,Obama,000025,000100,0.45116767,8
Jennie,Obama,000025,000101,0.584515,8
Jennie,Obama,000025,000102,0.4810204,8
Jennie,Obama,000025,000105,0.42644855,8
Jennie,Obama,000026,000001,0.4273324,8
Jennie,Obama,000026,000003,0.39539912,8
Jennie,Obama,000026,000005,0.45915484,7
Jennie,Obama,000026,000006,0.41286874,7
Jennie,Obama,000026,000011,0.43065292,7
Jennie,Obama,000026,000012,0.39154714,8
Jennie,Obama,000026,000013,0.558676,9
Jennie,Obama,000026,000014,0.4653853,9
Jennie,Obama,000026,000016,0.4930613,6
Jennie,Obama,000026,000017,0.51814234,9
Jennie,Obama,000026,000024,0.44547194,7
Jennie,Obama,000026,000029,0.41271973,7
Jennie,Obama,000026,000030,0.45714766,7
Jennie,Obama,000026,000031,0.56631494,8
Jennie,Obama,000026,000033,0.561608,9
Jennie,Obama,000026,000037,0.5197542,8
Jennie,Obama,000026,000041,0.49110237,9
Jennie,Obama,000026,000043,0.5405884,9
Jennie,Obama,000026,000044,0.48694256,9
Jennie,Obama,000026,000046,0.4860494,8
Jennie,Obama,000026,000049,0.49225223,9
Jennie,Obama,000026,000052,0.54969877,8
Jennie,Obama,000026,000053,0.38872162,6
Jennie,Obama,000026,000054,0.4650455,8
Jennie,Obama,000026,000059,0.47232142,7
Jennie,Obama,000026,000060,0.47707626,6
Jennie,Obama,000026,000067,0.5664688,8
Jennie,Obama,000026,000069,0.4873247,9
Jennie,Obama,000026,000070,0.51014924,9
Jennie,Obama,000026,000073,0.39512357,6
Jennie,Obama,000026,000074,0.49262285,9
Jennie,Obama,000026,000075,0.46648592,8
Jennie,Obama,000026,000079,0.4688147,7
Jennie,Obama,000026,000082,0.50898755,8
Jennie,Obama,000026,000083,0.44538143,7
Jennie,Obama,000026,000084,0.5405224,9
Jennie,Obama,000026,000087,0.3988464,7
Jennie,Obama,000026,000088,0.47159988,8
Jennie,Obama,000026,000089,0.6101424,9
Jennie,Obama,000026,000093,0.3751428,8
Jennie,Obama,000026,000094,0.4223357,7
Jennie,Obama,000026,000095,0.4289766,8
Jennie,Obama,000026,000096,0.41937044,7
Jennie,Obama,000026,000097,0.39637923,6
Jennie,Obama,000026,000098,0.45645252,7
Jennie,Obama,000026,000099,0.4263109,9
Jennie,Obama,000026,000100,0.43002105,9
Jennie,Obama,000026,000101,0.54234636,9
Jennie,Obama,000026,000102,0.47153556,9
Jennie,Obama,000026,000105,0.40465587,9
Jennie,Obama,000028,000001,0.37078774,8
Jennie,Obama,000028,000003,0.40241882,9
Jennie,Obama,000028,000005,0.4467392,8
Jennie,Obama,000028,000006,0.39501217,9
Jennie,Obama,000028,000011,0.4135672,8
Jennie,Obama,000028,000012,0.40729275,9
Jennie,Obama,000028,000013,0.49121913,11
Jennie,Obama,000028,000014,0.3950404,9
Jennie,Obama,000028,000016,0.45120105,6
Jennie,Obama,000028,000017,0.46789807,10
Jennie,Obama,000028,000024,0.39632154,8
Jennie,Obama,000028,000029,0.39588687,8
Jennie,Obama,000028,000030,0.40033585,8
Jennie,Obama,000028,000031,0.52130544,10
Jennie,Obama,000028,000033,0.49158466,11
Jennie,Obama,000028,000037,0.5444041,10
Jennie,Obama,000028,000041,0.4557595,11
Jennie,Obama,000028,000043,0.46182436,9
Jennie,Obama,000028,000044,0.46442038,10
Jennie,Obama,000028,000046,0.41304636,8
Jennie,Obama,000028,000049,0.44624132,10
Jennie,Obama,000028,000052,0.5606925,10
Jennie,Obama,000028,000053,0.39901987,7
Jennie,Obama,000028,000054,0.42966467,10
Jennie,Obama,000028,000059,0.39260754,7
Jennie,Obama,000028,000060,0.4930593,7
Jennie,Obama,000028,000067,0.5702692,10
Jennie,Obama,000028,000069,0.45545685,9
Jennie,Obama,000028,000070,0.44693756,9
Jennie,Obama,000028,000073,0.4165406,7
Jennie,Obama,000028,000074,0.44039306,11
Jennie,Obama,000028,000075,0.40594783,8
Jennie,Obama,000028,000079,0.42422658,8
Jennie,Obama,000028,000082,0.41222566,8
Jennie,Obama,000028,000083,0.41107038,8
Jennie,Obama,000028,000084,0.53867406,10
Jennie,Obama,000028,000087,0.41483146,8
Jennie,Obama,000028,000088,0.395963,8
Jennie,Obama,000028,000089,0.54321206,9
Jennie,Obama,000028,000093,0.35211384,8
Jennie,Obama,000028,000094,0.46744773,8
Jennie,Obama,000028,000095,0.41001856,8
Jennie,Obama,000028,000096,0.40831384,8
Jennie,Obama,000028,000097,0.3941243,6
Jennie,Obama,000028,000098,0.42355183,7
Jennie,Obama,000028,000099,0.41242355,10
Jennie,Obama,000028,000100,0.3632847,11
Jennie,Obama,000028,000101,0.45969325,10
Jennie,Obama,000028,000102,0.4163761,9
Jennie,Obama,000028,000105,0.32754812,11
Jennie,Obama,000030,000001,0.39225233,8
Jennie,Obama,000030,000003,0.45909503,8
Jennie,Obama,000030,000005,0.5191737,7
Jennie,Obama,000030,000006,0.440509,7
Jennie,Obama,000030,000011,0.479892,7
Jennie,Obama,000030,000012,0.3385564,8
Jennie,Obama,000030,000013,0.406299,9
Jennie,Obama,000030,000014,0.3701085,9
Jennie,Obama,000030,000016,0.44299683,6
Jennie,Obama,000030,000017,0.41006416,9
Jennie,Obama,000030,000024,0.35250884,7
Jennie,Obama,000030,000029,0.34595042,7
Jennie,Obama,000030,000030,0.33184195,7
Jennie,Obama,000030,000031,0.4609244,8
Jennie,Obama,000030,000033,0.45183167,9
Jennie,Obama,000030,000037,0.47012305,8
Jennie,Obama,000030,000041,0.38400617,9
Jennie,Obama,000030,000043,0.3689348,9
Jennie,Obama,000030,000044,0.39900362,9
Jennie,Obama,000030,000046,0.37403792,8
Jennie,Obama,000030,000049,0.39066857,9
Jennie,Obama,000030,000052,0.4727538,8
Jennie,Obama,000030,000053,0.4078718,6
Jennie,Obama,000030,000054,0.41061836,8
Jennie,Obama,000030,000059,0.3384091,7
Jennie,Obama,000030,000060,0.51811856,6
Jennie,Obama,000030,000067,0.48195878,8
Jennie,Obama,000030,000069,0.3703556,9
Jennie,Obama,000030,000070,0.41410053,9
Jennie,Obama,000030,000073,0.39369485,6
Jennie,Obama,000030,000074,0.39826274,9
Jennie,Obama,000030,000075,0.3641318,8
Jennie,Obama,000030,000079,0.42126518,7
Jennie,Obama,000030,000082,0.4117952,8
Jennie,Obama,000030,000083,0.41994366,7
Jennie,Obama,000030,000084,0.47001806,9
Jennie,Obama,000030,000087,0.406337,7
Jennie,Obama,000030,000088,0.42649674,8
Jennie,Obama,000030,000089,0.4995573,9
Jennie,Obama,000030,000093,0.32551664,8
Jennie,Obama,000030,000094,0.3725999,7
Jennie,Obama,000030,000095,0.378654,8
Jennie,Obama,000030,000096,0.4055395,7
Jennie,Obama,000030,000097,0.3797356,6
Jennie,Obama,000030,000098,0.36921975,7
Jennie,Obama,000030,000099,0.36764565,9
Jennie,Obama,000030,000100,0.35679394,9
Jennie,Obama,000030,000101,0.42303896,9
Jennie,Obama,000030,000102,0.33699685,9
Jennie,Obama,000030,000105,0.34088698,9
Jennie,Obama,000033,000001,0.47243688,8
Jennie,Obama,000033,000003,0.47498924,8
Jennie,Obama,000033,000005,0.5441256,7
Jennie,Obama,000033,000006,0.4200261,7
Jennie,Obama,000033,000011,0.5120978,7
Jennie,Obama,000033,000012,0.4205853,8
Jennie,Obama,000033,000013,0.5115516,9
Jennie,Obama,000033,000014,0.54383254,9
Jennie,Obama,000033,000016,0.44156137,6
Jennie,Obama,000033,000017,0.52615637,9
Jennie,Obama,000033,000024,0.53124315,7
Jennie,Obama,000033,000029,0.43618646,7
Jennie,Obama,000033,000030,0.4769847,7
Jennie,Obama,000033,000031,0.48479933,8
Jennie,Obama,000033,000033,0.53956723,9
Jennie,Obama,000033,000037,0.42202672,8
Jennie,Obama,000033,000041,0.57933736,9
Jennie,Obama,000033,000043,0.5592977,9
Jennie,Obama,000033,000044,0.5127142,9
Jennie,Obama,000033,000046,0.54302144,8
Jennie,Obama,000033,000049,0.5525079,9
Jennie,Obama,000033,000052,0.49269417,8
Jennie,Obama,000033,000053,0.3913044,6
Jennie,Obama,000033,000054,0.46844196,8
Jennie,Obama,000033,000059,0.46574122,7
Jennie,Obama,000033,000060,0.44071844,6
Jennie,Obama,000033,000067,0.58367574,8
Jennie,Obama,000033,000069,0.5222705,9
Jennie,Obama,000033,000070,0.6275756,9
Jennie,Obama,000033,000073,0.48822317,6
Jennie,Obama,000033,000074,0.6405731,9
Jennie,Obama,000033,000075,0.5165529,8
Jennie,Obama,000033,000079,0.50765026,7
Jennie,Obama,000033,000082,0.51275444,8
Jennie,Obama,000033,000083,0.59365195,7
Jennie,Obama,000033,000084,0.48658147,9
Jennie,Obama,000033,000087,0.4609185,7
Jennie,Obama,000033,000088,0.51050305,8
Jennie,Obama,000033,000089,0.5518547,9
Jennie,Obama,000033,000093,0.5482006,8
Jennie,Obama,000033,000094,0.4684023,7
Jennie,Obama,000033,000095,0.457523,8
Jennie,Obama,000033,000096,0.4870415,7
Jennie,Obama,000033,000097,0.4384952,6
Jennie,Obama,000033,000098,0.6259791,7
Jennie,Obama,000033,000099,0.54842496,9
Jennie,Obama,000033,000100,0.586701,9
Jennie,Obama,000033,000101,0.6100104,9
Jennie,Obama,000033,000102,0.5796151,9
Jennie,Obama,000033,000105,0.54064363,9
Jennie,Obama,000035,000001,0.45384115,8
Jennie,Obama,000035,000003,0.47351906,8
Jennie,Obama,000035,000005,0.5430545,7
Jennie,Obama,000035,000006,0.43806407,7
Jennie,Obama,000035,000011,0.52409685,7
Jennie,Obama,000035,000012,0.38248116,8
Jennie,Obama,000035,000013,0.47807428,9
Jennie,Obama,000035,000014,0.5266575,9
Jennie,Obama,000035,000016,0.42004976,6
Jennie,Obama,000035,000017,0.51918834,9
Jennie,Obama,000035,000024,0.45129776,7
Jennie,Obama,000035,000029,0.41656926,7
Jennie,Obama,000035,000030,0.40211114,7
Jennie,Obama,000035,000031,0.49832433,8
Jennie,Obama,000035,000033,0.522876,9
Jennie,Obama,000035,000037,0.4433831,8
Jennie,Obama,000035,000041,0.5157187,9
Jennie,Obama,000035,000043,0.49568537,9
Jennie,Obama,000035,000044,0.52968264,9
Jennie,Obama,000035,000046,0.46536505,8
Jennie,Obama,000035,000049,0.5502853,9
Jennie,Obama,000035,000052,0.49422354,8
Jennie,Obama,000035,000053,0.38130105,6
Jennie,Obama,000035,000054,0.44286868,8
Jennie,Obama,000035,000059,0.4494557,7
Jennie,Obama,000035,000060,0.42904982,6
Jennie,Obama,000035,000067,0.5543846,8
Jennie,Obama,000035,000069,0.45706108,9
Jennie,Obama,000035,000070,0.59366035,9
Jennie,Obama,000035,000073,0.4397991,6
Jennie,Obama,000035,000074,0.60276866,9
Jennie,Obama,000035,000075,0.49813676,8
Jennie,Obama,000035,000079,0.503229,7
Jennie,Obama,000035,000082,0.4797398,8
Jennie,Obama,000035,000083,0.5984029,7
Jennie,Obama,000035,000084,0.52208346,9
Jennie,Obama,000035,000087,0.43545172,7
Jennie,Obama,000035,000088,0.5115582,8
Jennie,Obama,000035,000089,0.56757927,9
Jennie,Obama,000035,000093,0.55266976,8
Jennie,Obama,000035,000094,0.40808815,7
Jennie,Obama,000035,000095,0.43003675,8
Jennie,Obama,000035,000096,0.4996581,7
Jennie,Obama,000035,000097,0.4093856,6
Jennie,Obama,000035,000098,0.6049609,7
Jennie,Obama,000035,000099,0.5819026,9
Jennie,Obama,000035,000100,0.5610976,9
Jennie,Obama,000035,000101,0.580731,9
Jennie,Obama,000035,000102,0.5517483,9
Jennie,Obama,000035,000105,0.52016515,9
Jennie,Obama,000036,000001,0.4866231,8
Jennie,Obama,000036,000003,0.6126207,9
Jennie,Obama,000036,000005,0.75003815,8
Jennie,Obama,000036,000006,0.5593357,8
Jennie,Obama,000036,000011,0.76313496,8
Jennie,Obama,000036,000012,0.49156773,9
Jennie,Obama,000036,000013,0.35712764,10
Jennie,Obama,000036,000014,0.44776762,9
Jennie,Obama,000036,000016,0.6423082,6
Jennie,Obama,000036,000017,0.44980717,9
Jennie,Obama,000036,000024,0.4819094,8
Jennie,Obama,000036,000029,0.49612096,8
Jennie,Obama,000036,000030,0.5350178,8
Jennie,Obama,000036,000031,0.43805552,9
Jennie,Obama,000036,000033,0.37625593,10
Jennie,Obama,000036,000037,0.41607285,9
Jennie,Obama,000036,000041,0.47565675,10
Jennie,Obama,000036,000043,0.45778343,9
Jennie,Obama,000036,000044,0.49785262,10
Jennie,Obama,000036,000046,0.3507087,8
Jennie,Obama,000036,000049,0.44932926,9
Jennie,Obama,000036,000052,0.44541496,9
Jennie,Obama,000036,000053,0.5773915,7
Jennie,Obama,000036,000054,0.41229022,9
Jennie,Obama,000036,000059,0.5385939,7
Jennie,Obama,000036,000060,0.64055735,7
Jennie,Obama,000036,000067,0.50565434,9
Jennie,Obama,000036,000069,0.38634193,9
Jennie,Obama,000036,000070,0.49422985,9
Jennie,Obama,000036,000073,0.51254207,7
Jennie,Obama,000036,000074,0.4817223,10
Jennie,Obama,000036,000075,0.43039134,8
Jennie,Obama,000036,000079,0.55245113,8
Jennie,Obama,000036,000082,0.3538949,8
Jennie,Obama,000036,000083,0.69578713,8
Jennie,Obama,000036,000084,0.41874087,9
Jennie,Obama,000036,000087,0.60570234,8
Jennie,Obama,000036,000088,0.40876937,8
Jennie,Obama,000036,000089,0.4619201,9
Jennie,Obama,000036,000093,0.5935503,8
Jennie,Obama,000036,000094,0.5297481,8
Jennie,Obama,000036,000095,0.4648054,8
Jennie,Obama,000036,000096,0.55522245,8
Jennie,Obama,000036,000097,0.5401071,6
Jennie,Obama,000036,000098,0.48927036,7
Jennie,Obama,000036,000099,0.5661057,10
Jennie,Obama,000036,000100,0.5854888,10
Jennie,Obama,000036,000101,0.41331577,10
Jennie,Obama,000036,000102,0.49763775,9
Jennie,Obama,000036,000105,0.40803042,10
Jennie,Obama,000037,000001,0.47368515,8
Jennie,Obama,000037,000003,0.42800254,8
Jennie,Obama,000037,000005,0.49698836,7
Jennie,Obama,000037,000006,0.434091,7
Jennie,Obama,000037,000011,0.45838985,7
Jennie,Obama,000037,000012,0.45427015,8
Jennie,Obama,000037,000013,0.5394608,9
Jennie,Obama,000037,000014,0.4742751,9
Jennie,Obama,000037,000016,0.48530903,6
Jennie,Obama,000037,000017,0.61912495,9
Jennie,Obama,000037,000024,0.48056775,7
Jennie,Obama,000037,000029,0.42683774,7
Jennie,Obama,000037,000030,0.49790594,7
Jennie,Obama,000037,000031,0.5344595,8
Jennie,Obama,000037,000033,0.571003,9
Jennie,Obama,000037,000037,0.48905444,8
Jennie,Obama,000037,000041,0.5064302,9
Jennie,Obama,000037,000043,0.49535602,9
Jennie,Obama,000037,000044,0.49059594,9
Jennie,Obama,000037,000046,0.4957214,8
Jennie,Obama,000037,000049,0.556525,9
Jennie,Obama,000037,000052,0.5644294,8
Jennie,Obama,000037,000053,0.38780776,6
Jennie,Obama,000037,000054,0.46561062,8
Jennie,Obama,000037,000059,0.4183769,7
Jennie,Obama,000037,000060,0.4667168,6
Jennie,Obama,000037,000067,0.5848484,8
Jennie,Obama,000037,000069,0.53359246,9
Jennie,Obama,000037,000070,0.55371135,9
Jennie,Obama,000037,000073,0.4542682,6
Jennie,Obama,000037,000074,0.54112566,9
Jennie,Obama,000037,000075,0.524897,8
Jennie,Obama,000037,000079,0.5084077,7
Jennie,Obama,000037,000082,0.45999205,8
Jennie,Obama,000037,000083,0.45791647,7
Jennie,Obama,000037,000084,0.5809519,9
Jennie,Obama,000037,000087,0.46019658,7
Jennie,Obama,000037,000088,0.49053043,8
Jennie,Obama,000037,000089,0.6089714,9
Jennie,Obama,000037,000093,0.45692372,8
Jennie,Obama,000037,000094,0.48817444,7
Jennie,Obama,000037,000095,0.47042537,8
Jennie,Obama,000037,000096,0.48201853,7
Jennie,Obama,000037,000097,0.4540623,6
Jennie,Obama,000037,000098,0.55153954,7
Jennie,Obama,000037,000099,0.4905976,9
Jennie,Obama,000037,000100,0.4480375,9
Jennie,Obama,000037,000101,0.56385016,9
Jennie,Obama,000037,000102,0.5284665,9
Jennie,Obama,000037,000105,0.44268087,9
Jennie,Obama,000038,000001,0.4770649,8
Jennie,Obama,000038,000003,0.35162225,7
Jennie,Obama,000038,000005,0.44944993,6
Jennie,Obama,000038,000006,0.4088269,7
Jennie,Obama,000038,000011,0.42111793,6
Jennie,Obama,000038,000012,0.44300827,7
Jennie,Obama,000038,000013,0.45541182,8
Jennie,Obama,000038,000014,0.3993445,8
Jennie,Obama,000038,000016,0.4496909,6
Jennie,Obama,000038,000017,0.57568514,8
Jennie,Obama,000038,000024,0.46174303,6
Jennie,Obama,000038,000029,0.37848136,6
Jennie,Obama,000038,000030,0.4391872,6
Jennie,Obama,000038,000031,0.47066408,8
Jennie,Obama,000038,000033,0.4641401,8
Jennie,Obama,000038,000037,0.4187458,8
Jennie,Obama,000038,000041,0.42214113,8
Jennie,Obama,000038,000043,0.51985216,8
Jennie,Obama,000038,000044,0.45209026,8
Jennie,Obama,000038,000046,0.41702324,8
Jennie,Obama,000038,000049,0.48656422,8
Jennie,Obama,000038,000052,0.45523307,8
Jennie,Obama,000038,000053,0.37476,6
Jennie,Obama,000038,000054,0.40653616,8
Jennie,Obama,000038,000059,0.3562735,6
Jennie,Obama,000038,000060,0.41351986,6
Jennie,Obama,000038,000067,0.5430676,8
Jennie,Obama,000038,000069,0.54429555,8
Jennie,Obama,000038,000070,0.49985483,8
Jennie,Obama,000038,000073,0.4965929,6
Jennie,Obama,000038,000074,0.44718823,8
Jennie,Obama,000038,000075,0.46630356,7
Jennie,Obama,000038,000079,0.43916583,6
Jennie,Obama,000038,000082,0.37781847,8
Jennie,Obama,000038,000083,0.43147913,6
Jennie,Obama,000038,000084,0.46617222,8
Jennie,Obama,000038,000087,0.45270088,7
Jennie,Obama,000038,000088,0.52516323,8
Jennie,Obama,000038,000089,0.51628715,8
Jennie,Obama,000038,000093,0.42417035,7
Jennie,Obama,000038,000094,0.45569125,6
Jennie,Obama,000038,000095,0.4590157,7
Jennie,Obama,000038,000096,0.45061564,6
Jennie,Obama,000038,000097,0.4843482,6
Jennie,Obama,000038,000098,0.5276371,6
Jennie,Obama,000038,000099,0.44092146,8
Jennie,Obama,000038,000100,0.4158456,8
Jennie,Obama,000038,000101,0.4769964,8
Jennie,Obama,000038,000102,0.4126969,8
Jennie,Obama,000038,000105,0.38426805,8
Jennie,Obama,000039,000001,0.50419146,8
Jennie,Obama,000039,000003,0.5141395,7
Jennie,Obama,000039,000005,0.5998461,6
Jennie,Obama,000039,000006,0.56085664,7
Jennie,Obama,000039,000011,0.5880256,6
Jennie,Obama,000039,000012,0.56233704,7
Jennie,Obama,000039,000013,0.4575128,8
Jennie,Obama,000039,000014,0.4357002,8
Jennie,Obama,000039,000016,0.5982035,6
Jennie,Obama,000039,000017,0.5337288,8
Jennie,Obama,000039,000024,0.5576547,6
Jennie,Obama,000039,000029,0.51385975,6
Jennie,Obama,000039,000030,0.58264464,6
Jennie,Obama,000039,000031,0.46356642,8
Jennie,Obama,000039,000033,0.48885205,8
Jennie,Obama,000039,000037,0.40107095,8
Jennie,Obama,000039,000041,0.46199948,8
Jennie,Obama,000039,000043,0.4945812,8
Jennie,Obama,000039,000044,0.43266132,8
Jennie,Obama,000039,000046,0.4325077,8
Jennie,Obama,000039,000049,0.48755136,8
Jennie,Obama,000039,000052,0.45810458,8
Jennie,Obama,000039,000053,0.53896075,6
Jennie,Obama,000039,000054,0.40863067,8
Jennie,Obama,000039,000059,0.509392,6
Jennie,Obama,000039,000060,0.61230284,6
Jennie,Obama,000039,000067,0.5521926,8
Jennie,Obama,000039,000069,0.4829262,8
Jennie,Obama,000039,000070,0.49004352,8
Jennie,Obama,000039,000073,0.58407825,6
Jennie,Obama,000039,000074,0.45570785,8
Jennie,Obama,000039,000075,0.48166147,7
Jennie,Obama,000039,000079,0.57944417,6
Jennie,Obama,000039,000082,0.42234486,8
Jennie,Obama,000039,000083,0.5741984,6
Jennie,Obama,000039,000084,0.47961769,8
Jennie,Obama,000039,000087,0.5557969,7
Jennie,Obama,000039,000088,0.46617156,8
Jennie,Obama,000039,000089,0.5270529,8
Jennie,Obama,000039,000093,0.497724,7
Jennie,Obama,000039,000094,0.5533664,6
Jennie,Obama,000039,000095,0.58111966,7
Jennie,Obama,000039,000096,0.539965,6
Jennie,Obama,000039,000097,0.592953,6
Jennie,Obama,000039,000098,0.43306407,6
Jennie,Obama,000039,000099,0.58238965,8
Jennie,Obama,000039,000100,0.5270102,8
Jennie,Obama,000039,000101,0.476787,8
Jennie,Obama,000039,000102,0.48878524,8
Jennie,Obama,000039,000105,0.39169717,8
Jennie,Obama,000042,000001,0.3985356,8
Jennie,Obama,000042,000003,0.3369152,8
Jennie,Obama,000042,000005,0.4113119,7
Jennie,Obama,000042,000006,0.41639724,7
Jennie,Obama,000042,000011,0.3691547,7
Jennie,Obama,000042,000012,0.39414573,8
Jennie,Obama,000042,000013,0.45181507,9
Jennie,Obama,000042,000014,0.3605398,9
Jennie,Obama,000042,000016,0.41623792,6
Jennie,Obama,000042,000017,0.511236,9
Jennie,Obama,000042,000024,0.46696737,7
Jennie,Obama,000042,000029,0.38912675,7
Jennie,Obama,000042,000030,0.4335863,7
Jennie,Obama,000042,000031,0.44334656,8
Jennie,Obama,000042,000033,0.46932924,9
Jennie,Obama,000042,000037,0.36557186,8
Jennie,Obama,000042,000041,0.41987196,9
Jennie,Obama,000042,000043,0.46013144,9
Jennie,Obama,000042,000044,0.40095192,9
Jennie,Obama,000042,000046,0.37182578,8
Jennie,Obama,000042,000049,0.47985485,9
Jennie,Obama,000042,000052,0.39984742,8
Jennie,Obama,000042,000053,0.33534405,6
Jennie,Obama,000042,000054,0.3557281,8
Jennie,Obama,000042,000059,0.338098,7
Jennie,Obama,000042,000060,0.39704636,6
Jennie,Obama,000042,000067,0.5330483,8
Jennie,Obama,000042,000069,0.4583713,9
Jennie,Obama,000042,000070,0.47994074,9
Jennie,Obama,000042,000073,0.38923916,6
Jennie,Obama,000042,000074,0.46670425,9
Jennie,Obama,000042,000075,0.4594691,8
Jennie,Obama,000042,000079,0.4571572,7
Jennie,Obama,000042,000082,0.39680326,8
Jennie,Obama,000042,000083,0.4400038,7
Jennie,Obama,000042,000084,0.52919173,9
Jennie,Obama,000042,000087,0.41514513,7
Jennie,Obama,000042,000088,0.42620337,8
Jennie,Obama,000042,000089,0.5593951,9
Jennie,Obama,000042,000093,0.38213104,8
Jennie,Obama,000042,000094,0.3986605,7
Jennie,Obama,000042,000095,0.47634125,8
Jennie,Obama,000042,000096,0.48086685,7
Jennie,Obama,000042,000097,0.4088366,6
Jennie,Obama,000042,000098,0.4704567,7
Jennie,Obama,000042,000099,0.41710666,9
Jennie,Obama,000042,000100,0.39075074,9
Jennie,Obama,000042,000101,0.4711382,9
Jennie,Obama,000042,000102,0.3982439,9
Jennie,Obama,000042,000105,0.3548315,9
Jennie,Obama,000045,000001,0.333625,6
Jennie,Obama,000045,000003,0.362161,5
Jennie,Obama,000045,000005,0.43259352,5
Jennie,Obama,000045,000006,0.38075185,5
Jennie,Obama,000045,000011,0.4764157,5
Jennie,Obama,000045,000012,0.36653408,5
Jennie,Obama,000045,000013,0.453971,6
Jennie,Obama,000045,000014,0.40164992,6
Jennie,Obama,000045,000016,0.41763324,5
Jennie,Obama,000045,000017,0.3991442,6
Jennie,Obama,000045,000024,0.31849653,5
Jennie,Obama,000045,000029,0.31930354,5
Jennie,Obama,000045,000030,0.30286875,5
Jennie,Obama,000045,000031,0.46885452,6
Jennie,Obama,000045,000033,0.49118552,6
Jennie,Obama,000045,000037,0.52672166,6
Jennie,Obama,000045,000041,0.39614877,6
Jennie,Obama,000045,000043,0.45198345,6
Jennie,Obama,000045,000044,0.47310838,6
Jennie,Obama,000045,000046,0.34539047,6
Jennie,Obama,000045,000049,0.39552283,6
Jennie,Obama,000045,000052,0.48688158,6
Jennie,Obama,000045,000053,0.33240977,5
Jennie,Obama,000045,000054,0.37602615,6
Jennie,Obama,000045,000059,0.40086287,5
Jennie,Obama,000045,000060,0.50748104,5
Jennie,Obama,000045,000067,0.481771,6
Jennie,Obama,000045,000069,0.3626205,6
Jennie,Obama,000045,000070,0.4185591,6
Jennie,Obama,000045,000073,0.31273276,5
Jennie,Obama,000045,000074,0.3901839,6
Jennie,Obama,000045,000075,0.37573177,5
Jennie,Obama,000045,000079,0.39599544,5
Jennie,Obama,000045,000082,0.3734416,6
Jennie,Obama,000045,000083,0.3680097,5
Jennie,Obama,000045,000084,0.50973856,6
Jennie,Obama,000045,000087,0.37558097,5
Jennie,Obama,000045,000088,0.3703157,6
Jennie,Obama,000045,000089,0.48708555,6
Jennie,Obama,000045,000093,0.30777684,5
Jennie,Obama,000045,000094,0.31258336,5
Jennie,Obama,000045,000095,0.33223265,5
Jennie,Obama,000045,000096,0.3305786,5
Jennie,Obama,000045,000097,0.3503124,5
Jennie,Obama,000045,000098,0.37497878,5
Jennie,Obama,000045,000099,0.32772714,6
Jennie,Obama,000045,000100,0.3311566,6
Jennie,Obama,000045,000101,0.44228324,6
Jennie,Obama,000045,000102,0.3334171,6
Jennie,Obama,000045,000105,0.32465747,6
Jennie,Obama,000054,000001,0.57573223,7
Jennie,Obama,000054,000003,0.4658194,7
Jennie,Obama,000054,000005,0.48883083,7
Jennie,Obama,000054,000006,0.51479775,6
Jennie,Obama,000054,000011,0.44533175,7
Jennie,Obama,000054,000012,0.4460621,7
Jennie,Obama,000054,000013,0.38378808,8
Jennie,Obama,000054,000014,0.41827494,8
Jennie,Obama,000054,000016,0.4804802,6
Jennie,Obama,000054,000017,0.41600263,8
Jennie,Obama,000054,000024,0.49171543,7
Jennie,Obama,000054,000029,0.5227113,7
Jennie,Obama,000054,000030,0.5201823,7
Jennie,Obama,000054,000031,0.33036682,7
Jennie,Obama,000054,000033,0.43397266,8
Jennie,Obama,000054,000037,0.37093806,7
Jennie,Obama,000054,000041,0.4303588,8
Jennie,Obama,000054,000043,0.42036512,8
Jennie,Obama,000054,000044,0.3638208,8
Jennie,Obama,000054,000046,0.45247212,7
Jennie,Obama,000054,000049,0.39683563,8
Jennie,Obama,000054,000052,0.39915493,7
Jennie,Obama,000054,000053,0.5228117,6
Jennie,Obama,000054,000054,0.3983895,7
Jennie,Obama,000054,000059,0.5232178,7
Jennie,Obama,000054,000060,0.48187026,6
Jennie,Obama,000054,000067,0.39168862,7
Jennie,Obama,000054,000069,0.40075725,8
Jennie,Obama,000054,000070,0.3535377,8
Jennie,Obama,000054,000073,0.5486013,6
Jennie,Obama,000054,000074,0.37620243,8
Jennie,Obama,000054,000075,0.46404022,7
Jennie,Obama,000054,000079,0.48413727,7
Jennie,Obama,000054,000082,0.39234117,7
Jennie,Obama,000054,000083,0.45525694,7
Jennie,Obama,000054,000084,0.33831763,8
Jennie,Obama,000054,000087,0.41554198,6
Jennie,Obama,000054,000088,0.4622647,7
Jennie,Obama,000054,000089,0.38697708,8
Jennie,Obama,000054,000093,0.45315495,7
Jennie,Obama,000054,000094,0.45423865,7
Jennie,Obama,000054,000095,0.4935417,7
Jennie,Obama,000054,000096,0.4592639,7
Jennie,Obama,000054,000097,0.4536172,6
Jennie,Obama,000054,000098,0.34417266,7
Jennie,Obama,000054,000099,0.5456492,8
Jennie,Obama,000054,000100,0.51076925,8
Jennie,Obama,000054,000101,0.4144666,8
Jennie,Obama,000054,000102,0.38943243,8
Jennie,Obama,000054,000105,0.366724,8
Jennie,Obama,000060,000001,0.39653787,8
Jennie,Obama,000060,000003,0.3545774,8
Jennie,Obama,000060,000005,0.44265178,7
Jennie,Obama,000060,000006,0.42257637,7
Jennie,Obama,000060,000011,0.3985842,7
Jennie,Obama,000060,000012,0.400094,8
Jennie,Obama,000060,000013,0.473535,9
Jennie,Obama,000060,000014,0.39145806,9
Jennie,Obama,000060,000016,0.43727884,6
Jennie,Obama,000060,000017,0.53633446,9
Jennie,Obama,000060,000024,0.346392,7
Jennie,Obama,000060,000029,0.37228364,7
Jennie,Obama,000060,000030,0.36047035,7
Jennie,Obama,000060,000031,0.533654,8
Jennie,Obama,000060,000033,0.492058,9
Jennie,Obama,000060,000037,0.42524073,8
Jennie,Obama,000060,000041,0.4654246,9
Jennie,Obama,000060,000043,0.462314,9
Jennie,Obama,000060,000044,0.4150768,9
Jennie,Obama,000060,000046,0.45018256,8
Jennie,Obama,000060,000049,0.47970384,9
Jennie,Obama,000060,000052,0.4908789,8
Jennie,Obama,000060,000053,0.39396396,6
Jennie,Obama,000060,000054,0.4427606,8
Jennie,Obama,000060,000059,0.3088329,7
Jennie,Obama,000060,000060,0.45254168,6
Jennie,Obama,000060,000067,0.6102296,8
Jennie,Obama,000060,000069,0.48973957,9
Jennie,Obama,000060,000070,0.47831833,9
Jennie,Obama,000060,000073,0.39126775,6
Jennie,Obama,000060,000074,0.45107073,9
Jennie,Obama,000060,000075,0.40501517,8
Jennie,Obama,000060,000079,0.3908346,7
Jennie,Obama,000060,000082,0.44678122,8
Jennie,Obama,000060,000083,0.39290395,7
Jennie,Obama,000060,000084,0.572466,9
Jennie,Obama,000060,000087,0.47294965,7
Jennie,Obama,000060,000088,0.43642187,8
Jennie,Obama,000060,000089,0.5594304,9
Jennie,Obama,000060,000093,0.3352714,8
Jennie,Obama,000060,000094,0.4078987,7
Jennie,Obama,000060,000095,0.4142053,8
Jennie,Obama,000060,000096,0.39586005,7
Jennie,Obama,000060,000097,0.45183277,6
Jennie,Obama,000060,000098,0.43796375,7
Jennie,Obama,000060,000099,0.40346816,9
Jennie,Obama,000060,000100,0.37482077,9
Jennie,Obama,000060,000101,0.46030012,9
Jennie,Obama,000060,000102,0.42092982,9
Jennie,Obama,000060,000105,0.36878887,9
Jennie,Obama,000062,000001,0.39920494,6
Jennie,Obama,000062,000003,0.34642264,7
Jennie,Obama,000062,000005,0.37012273,7
Jennie,Obama,000062,000006,0.42705402,6
Jennie,Obama,000062,000011,0.34496018,7
Jennie,Obama,000062,000012,0.41977742,7
Jennie,Obama,000062,000013,0.4473332,7
Jennie,Obama,000062,000014,0.36087012,7
Jennie,Obama,000062,000016,0.391472,6
Jennie,Obama,000062,000017,0.4234504,7
Jennie,Obama,000062,000024,0.48029163,7
Jennie,Obama,000062,000029,0.40862447,7
Jennie,Obama,000062,000030,0.42083043,7
Jennie,Obama,000062,000031,0.36224115,6
Jennie,Obama,000062,000033,0.47973892,7
Jennie,Obama,000062,000037,0.39811864,6
Jennie,Obama,000062,000041,0.4006136,7
Jennie,Obama,000062,000043,0.34896284,7
Jennie,Obama,000062,000044,0.37192413,7
Jennie,Obama,000062,000046,0.39672002,6
Jennie,Obama,000062,000049,0.40778974,7
Jennie,Obama,000062,000052,0.44001532,6
Jennie,Obama,000062,000053,0.36695704,6
Jennie,Obama,000062,000054,0.35929266,6
Jennie,Obama,000062,000059,0.39746198,7
Jennie,Obama,000062,000060,0.4289947,6
Jennie,Obama,000062,000067,0.3961694,6
Jennie,Obama,000062,000069,0.37804267,7
Jennie,Obama,000062,000070,0.3998402,7
Jennie,Obama,000062,000073,0.39979032,6
Jennie,Obama,000062,000074,0.43681923,7
Jennie,Obama,000062,000075,0.4863184,7
Jennie,Obama,000062,000079,0.46466738,7
Jennie,Obama,000062,000082,0.43293595,6
Jennie,Obama,000062,000083,0.4083996,7
Jennie,Obama,000062,000084,0.39944458,7
Jennie,Obama,000062,000087,0.356589,6
Jennie,Obama,000062,000088,0.43259346,6
Jennie,Obama,000062,000089,0.43748182,7
Jennie,Obama,000062,000093,0.4118173,7
Jennie,Obama,000062,000094,0.39833385,7
Jennie,Obama,000062,000095,0.38674614,7
Jennie,Obama,000062,000096,0.41869467,7
Jennie,Obama,000062,000097,0.35491765,6
Jennie,Obama,000062,000098,0.39203188,7
Jennie,Obama,000062,000099,0.39252692,7
Jennie,Obama,000062,000100,0.41256642,7
Jennie,Obama,000062,000101,0.48732552,7
Jennie,Obama,000062,000102,0.37612072,7
Jennie,Obama,000062,000105,0.4307413,7
Jennie,Obama,000063,000001,0.42845172,8
Jennie,Obama,000063,000003,0.37746766,7
Jennie,Obama,000063,000005,0.4576253,6
Jennie,Obama,000063,000006,0.45215973,7
Jennie,Obama,000063,000011,0.42055312,6
Jennie,Obama,000063,000012,0.39157492,7
Jennie,Obama,000063,000013,0.46344137,8
Jennie,Obama,000063,000014,0.40933344,8
Jennie,Obama,000063,000016,0.45757258,6
Jennie,Obama,000063,000017,0.5074165,8
Jennie,Obama,000063,000024,0.4081575,6
Jennie,Obama,000063,000029,0.39302936,6
Jennie,Obama,000063,000030,0.38073468,6
Jennie,Obama,000063,000031,0.45495337,8
Jennie,Obama,000063,000033,0.5090138,8
Jennie,Obama,000063,000037,0.41796833,8
Jennie,Obama,000063,000041,0.46279824,8
Jennie,Obama,000063,000043,0.46929064,8
Jennie,Obama,000063,000044,0.4094478,8
Jennie,Obama,000063,000046,0.39938915,8
Jennie,Obama,000063,000049,0.46920043,8
Jennie,Obama,000063,000052,0.4554432,8
Jennie,Obama,000063,000053,0.40866444,6
Jennie,Obama,000063,000054,0.404811,8
Jennie,Obama,000063,000059,0.33679232,6
Jennie,Obama,000063,000060,0.4517417,6
Jennie,Obama,000063,000067,0.5335243,8
Jennie,Obama,000063,000069,0.46084398,8
Jennie,Obama,000063,000070,0.51918805,8
Jennie,Obama,000063,000073,0.4114128,6
Jennie,Obama,000063,000074,0.5120707,8
Jennie,Obama,000063,000075,0.4543917,7
Jennie,Obama,000063,000079,0.46957064,6
Jennie,Obama,000063,000082,0.44107687,8
Jennie,Obama,000063,000083,0.47745356,6
Jennie,Obama,000063,000084,0.53465414,8
Jennie,Obama,000063,000087,0.42847705,7
Jennie,Obama,000063,000088,0.46511,8
Jennie,Obama,000063,000089,0.55556977,8
Jennie,Obama,000063,000093,0.4010956,7
Jennie,Obama,000063,000094,0.46737114,6
Jennie,Obama,000063,000095,0.417206,7
Jennie,Obama,000063,000096,0.4505081,6
Jennie,Obama,000063,000097,0.4314035,6
Jennie,Obama,000063,000098,0.51132673,6
Jennie,Obama,000063,000099,0.44223785,8
Jennie,Obama,000063,000100,0.41655415,8
Jennie,Obama,000063,000101,0.47098303,8
Jennie,Obama,000063,000102,0.41500372,8
Jennie,Obama,000063,000105,0.4430632,8
Jennie,Obama,000068,000001,0.3003787,8
Jennie,Obama,000068,000003,0.28939316,8
Jennie,Obama,000068,000005,0.29967213,7
Jennie,Obama,000068,000006,0.29501247,7
Jennie,Obama,000068,000011,0.31359485,7
Jennie,Obama,000068,000012,0.3223229,8
Jennie,Obama,000068,000013,0.4270199,9
Jennie,Obama,000068,000014,0.35274056,9
Jennie,Obama,000068,000016,0.35440826,6
Jennie,Obama,000068,000017,0.35900036,9
Jennie,Obama,000068,000024,0.2851852,7
Jennie,Obama,000068,000029,0.2733469,7
Jennie,Obama,000068,000030,0.28770643,7
Jennie,Obama,000068,000031,0.39552274,8
Jennie,Obama,000068,000033,0.38894713,9
Jennie,Obama,000068,000037,0.5105076,8
Jennie,Obama,000068,000041,0.3119354,9
Jennie,Obama,000068,000043,0.33106634,9
Jennie,Obama,000068,000044,0.34197122,9
Jennie,Obama,000068,000046,0.3424062,8
Jennie,Obama,000068,000049,0.31393632,9
Jennie,Obama,000068,000052,0.46770257,8
Jennie,Obama,000068,000053,0.30853036,6
Jennie,Obama,000068,000054,0.3544634,8
Jennie,Obama,000068,000059,0.340281,7
Jennie,Obama,000068,000060,0.36984977,6
Jennie,Obama,000068,000067,0.4309235,8
Jennie,Obama,000068,000069,0.32367495,9
Jennie,Obama,000068,000070,0.36982065,9
Jennie,Obama,000068,000073,0.30360615,6
Jennie,Obama,000068,000074,0.34779572,9
Jennie,Obama,000068,000075,0.3218506,8
Jennie,Obama,000068,000079,0.30297175,7
Jennie,Obama,000068,000082,0.33273533,8
Jennie,Obama,000068,000083,0.2739744,7
Jennie,Obama,000068,000084,0.44229874,9
Jennie,Obama,000068,000087,0.31032112,7
Jennie,Obama,000068,000088,0.30696982,8
Jennie,Obama,000068,000089,0.41063914,9
Jennie,Obama,000068,000093,0.27081227,8
Jennie,Obama,000068,000094,0.27071387,7
Jennie,Obama,000068,000095,0.31931335,8
Jennie,Obama,000068,000096,0.2699074,7
Jennie,Obama,000068,000097,0.33553752,6
Jennie,Obama,000068,000098,0.3220734,7
Jennie,Obama,000068,000099,0.26948684,9
Jennie,Obama,000068,000100,0.2872296,9
Jennie,Obama,000068,000101,0.3735451,9
Jennie,Obama,000068,000102,0.34591827,9
Jennie,Obama,000068,000105,0.29872984,9
Jennie,Obama,000069,000001,0.43887746,8
Jennie,Obama,000069,000003,0.35591632,7
Jennie,Obama,000069,000005,0.44316983,6
Jennie,Obama,000069,000006,0.4151024,7
Jennie,Obama,000069,000011,0.4320278,6
Jennie,Obama,000069,000012,0.4394719,7
Jennie,Obama,000069,000013,0.45935005,8
Jennie,Obama,000069,000014,0.42859793,8
Jennie,Obama,000069,000016,0.47933486,6
Jennie,Obama,000069,000017,0.54808027,8
Jennie,Obama,000069,000024,0.4694318,6
Jennie,Obama,000069,000029,0.3555571,6
Jennie,Obama,000069,000030,0.43070266,6
Jennie,Obama,000069,000031,0.47330835,8
Jennie,Obama,000069,000033,0.54316044,8
Jennie,Obama,000069,000037,0.45456925,8
Jennie,Obama,000069,000041,0.47531435,8
Jennie,Obama,000069,000043,0.52444464,8
Jennie,Obama,000069,000044,0.44350106,8
Jennie,Obama,000069,000046,0.42336062,8
Jennie,Obama,000069,000049,0.47484404,8
Jennie,Obama,000069,000052,0.48321134,8
Jennie,Obama,000069,000053,0.3609695,6
Jennie,Obama,000069,000054,0.3992916,8
Jennie,Obama,000069,000059,0.38922533,6
Jennie,Obama,000069,000060,0.4204823,6
Jennie,Obama,000069,000067,0.58362687,8
Jennie,Obama,000069,000069,0.4859058,8
Jennie,Obama,000069,000070,0.5428476,8
Jennie,Obama,000069,000073,0.4418703,6
Jennie,Obama,000069,000074,0.5116189,8
Jennie,Obama,000069,000075,0.43726477,7
Jennie,Obama,000069,000079,0.42619395,6
Jennie,Obama,000069,000082,0.4216934,8
Jennie,Obama,000069,000083,0.44479135,6
Jennie,Obama,000069,000084,0.50918806,8
Jennie,Obama,000069,000087,0.4570801,7
Jennie,Obama,000069,000088,0.4718346,8
Jennie,Obama,000069,000089,0.5425049,8
Jennie,Obama,000069,000093,0.42272714,7
Jennie,Obama,000069,000094,0.3900497,6
Jennie,Obama,000069,000095,0.4336919,7
Jennie,Obama,000069,000096,0.40628293,6
Jennie,Obama,000069,000097,0.48720253,6
Jennie,Obama,000069,000098,0.4935501,6
Jennie,Obama,000069,000099,0.42871568,8
Jennie,Obama,000069,000100,0.4466918,8
Jennie,Obama,000069,000101,0.5360867,8
Jennie,Obama,000069,000102,0.45244646,8
Jennie,Obama,000069,000105,0.39058238,8
Jennie,Obama,000071,000001,0.43599176,8
Jennie,Obama,000071,000003,0.40904796,8
Jennie,Obama,000071,000005,0.46691757,7
Jennie,Obama,000071,000006,0.45183632,7
Jennie,Obama,000071,000011,0.42867187,7
Jennie,Obama,000071,000012,0.42599827,8
Jennie,Obama,000071,000013,0.47207,9
Jennie,Obama,000071,000014,0.41912147,9
Jennie,Obama,000071,000016,0.47513524,6
Jennie,Obama,000071,000017,0.5142628,9
Jennie,Obama,000071,000024,0.5178582,7
Jennie,Obama,000071,000029,0.43605426,7
Jennie,Obama,000071,000030,0.4595529,7
Jennie,Obama,000071,000031,0.4737683,8
Jennie,Obama,000071,000033,0.59364796,9
Jennie,Obama,000071,000037,0.45385477,8
Jennie,Obama,000071,000041,0.46003354,9
Jennie,Obama,000071,000043,0.49555525,9
Jennie,Obama,000071,000044,0.45590442,9
Jennie,Obama,000071,000046,0.41028142,8
Jennie,Obama,000071,000049,0.50675017,9
Jennie,Obama,000071,000052,0.49799436,8
Jennie,Obama,000071,000053,0.389444,6
Jennie,Obama,000071,000054,0.38558707,8
Jennie,Obama,000071,000059,0.43462747,7
Jennie,Obama,000071,000060,0.49060646,6
Jennie,Obama,000071,000067,0.54153764,8
Jennie,Obama,000071,000069,0.45418978,9
Jennie,Obama,000071,000070,0.49742806,9
Jennie,Obama,000071,000073,0.4508896,6
Jennie,Obama,000071,000074,0.49579027,9
Jennie,Obama,000071,000075,0.47900474,8
Jennie,Obama,000071,000079,0.54769677,7
Jennie,Obama,000071,000082,0.452316,8
Jennie,Obama,000071,000083,0.50003415,7
Jennie,Obama,000071,000084,0.5269398,9
Jennie,Obama,000071,000087,0.4491913,7
Jennie,Obama,000071,000088,0.43468922,8
Jennie,Obama,000071,000089,0.52508956,9
Jennie,Obama,000071,000093,0.43115652,8
Jennie,Obama,000071,000094,0.4413085,7
Jennie,Obama,000071,000095,0.45946553,8
Jennie,Obama,000071,000096,0.5382177,7
Jennie,Obama,000071,000097,0.4266826,6
Jennie,Obama,000071,000098,0.4731496,7
Jennie,Obama,000071,000099,0.46840647,9
Jennie,Obama,000071,000100,0.4628369,9
Jennie,Obama,000071,000101,0.5302503,9
Jennie,Obama,000071,000102,0.5150082,9
Jennie,Obama,000071,000105,0.39407653,9
Jennie,Obama,000073,000001,0.5504333,7
Jennie,Obama,000073,000003,0.45356035,9
Jennie,Obama,000073,000005,0.5143829,8
Jennie,Obama,000073,000006,0.5486998,8
Jennie,Obama,000073,000011,0.46735203,8
Jennie,Obama,000073,000012,0.48968288,9
Jennie,Obama,000073,000013,0.41058615,9
Jennie,Obama,000073,000014,0.39210224,8
Jennie,Obama,000073,000016,0.59825724,6
Jennie,Obama,000073,000017,0.44843966,8
Jennie,Obama,000073,000024,0.5264219,8
Jennie,Obama,000073,000029,0.55033946,8
Jennie,Obama,000073,000030,0.5288082,8
Jennie,Obama,000073,000031,0.3642059,8
Jennie,Obama,000073,000033,0.4775051,9
Jennie,Obama,000073,000037,0.40988517,8
Jennie,Obama,000073,000041,0.3790269,9
Jennie,Obama,000073,000043,0.36991784,8
Jennie,Obama,000073,000044,0.40899974,9
Jennie,Obama,000073,000046,0.397424,7
Jennie,Obama,000073,000049,0.3930249,8
Jennie,Obama,000073,000052,0.43208924,8
Jennie,Obama,000073,000053,0.5741825,7
Jennie,Obama,000073,000054,0.4200421,8
Jennie,Obama,000073,000059,0.58883256,7
Jennie,Obama,000073,000060,0.5833321,7
Jennie,Obama,000073,000067,0.4053833,8
Jennie,Obama,000073,000069,0.4046429,8
Jennie,Obama,000073,000070,0.37709916,8
Jennie,Obama,000073,000073,0.58387834,7
Jennie,Obama,000073,000074,0.3723028,9
Jennie,Obama,000073,000075,0.4703843,8
Jennie,Obama,000073,000079,0.5888846,8
Jennie,Obama,000073,000082,0.39542148,7
Jennie,Obama,000073,000083,0.50514287,8
Jennie,Obama,000073,000084,0.42251563,8
Jennie,Obama,000073,000087,0.45898366,8
Jennie,Obama,000073,000088,0.45292786,7
Jennie,Obama,000073,000089,0.4573839,8
Jennie,Obama,000073,000093,0.48571774,8
Jennie,Obama,000073,000094,0.5526013,8
Jennie,Obama,000073,000095,0.5066041,8
Jennie,Obama,000073,000096,0.5321875,8
Jennie,Obama,000073,000097,0.5158643,6
Jennie,Obama,000073,000098,0.3890643,7
Jennie,Obama,000073,000099,0.49980938,9
Jennie,Obama,000073,000100,0.45948443,9
Jennie,Obama,000073,000101,0.4352769,9
Jennie,Obama,000073,000102,0.4172657,8
Jennie,Obama,000073,000105,0.3695182,9
Jennie,Obama,000074,000001,0.391494,8
Jennie,Obama,000074,000003,0.43892863,7
Jennie,Obama,000074,000005,0.44935682,6
Jennie,Obama,000074,000006,0.410391,7
Jennie,Obama,000074,000011,0.433905,6
Jennie,Obama,000074,000012,0.3922551,7
Jennie,Obama,000074,000013,0.5190118,8
Jennie,Obama,000074,000014,0.47160032,8
Jennie,Obama,000074,000016,0.4453912,6
Jennie,Obama,000074,000017,0.4434171,8
Jennie,Obama,000074,000024,0.44733167,6
Jennie,Obama,000074,000029,0.39105913,6
Jennie,Obama,000074,000030,0.42759594,6
Jennie,Obama,000074,000031,0.4412256,8
Jennie,Obama,000074,000033,0.5917667,8
Jennie,Obama,000074,000037,0.4938654,8
Jennie,Obama,000074,000041,0.48666957,8
Jennie,Obama,000074,000043,0.46079713,8
Jennie,Obama,000074,000044,0.4571839,8
Jennie,Obama,000074,000046,0.45173174,8
Jennie,Obama,000074,000049,0.41438165,8
Jennie,Obama,000074,000052,0.512262,8
Jennie,Obama,000074,000053,0.37985992,6
Jennie,Obama,000074,000054,0.39861855,8
Jennie,Obama,000074,000059,0.47847614,6
Jennie,Obama,000074,000060,0.46461892,6
Jennie,Obama,000074,000067,0.5082889,8
Jennie,Obama,000074,000069,0.43996418,8
Jennie,Obama,000074,000070,0.5022737,8
Jennie,Obama,000074,000073,0.42075065,6
Jennie,Obama,000074,000074,0.5425168,8
Jennie,Obama,000074,000075,0.42624205,7
Jennie,Obama,000074,000079,0.5029645,6
Jennie,Obama,000074,000082,0.49065733,8
Jennie,Obama,000074,000083,0.46658143,6
Jennie,Obama,000074,000084,0.5459149,8
Jennie,Obama,000074,000087,0.3938205,7
Jennie,Obama,000074,000088,0.40101397,8
Jennie,Obama,000074,000089,0.52367324,8
Jennie,Obama,000074,000093,0.42746022,7
Jennie,Obama,000074,000094,0.35650146,6
Jennie,Obama,000074,000095,0.4424204,7
Jennie,Obama,000074,000096,0.43950295,6
Jennie,Obama,000074,000097,0.38937238,6
Jennie,Obama,000074,000098,0.4887325,6
Jennie,Obama,000074,000099,0.40704846,8
Jennie,Obama,000074,000100,0.46141326,8
Jennie,Obama,000074,000101,0.55422413,8
Jennie,Obama,000074,000102,0.46235898,8
Jennie,Obama,000074,000105,0.42467457,8
Jennie,Obama,000077,000001,0.3571174,7
Jennie,Obama,000077,000003,0.45329556,8
Jennie,Obama,000077,000005,0.58778316,7
Jennie,Obama,000077,000006,0.46344143,7
Jennie,Obama,000077,000011,0.5466328,7
Jennie,Obama,000077,000012,0.39660615,8
Jennie,Obama,000077,000013,0.42312977,8
Jennie,Obama,000077,000014,0.36394238,8
Jennie,Obama,000077,000016,0.4690322,6
Jennie,Obama,000077,000017,0.5197969,8
Jennie,Obama,000077,000024,0.4155751,7
Jennie,Obama,000077,000029,0.40156382,7
Jennie,Obama,000077,000030,0.4017369,7
Jennie,Obama,000077,000031,0.4563134,7
Jennie,Obama,000077,000033,0.48054504,8
Jennie,Obama,000077,000037,0.43161115,7
Jennie,Obama,000077,000041,0.42519268,8
Jennie,Obama,000077,000043,0.43904716,8
Jennie,Obama,000077,000044,0.4391091,8
Jennie,Obama,000077,000046,0.36441225,7
Jennie,Obama,000077,000049,0.49434593,8
Jennie,Obama,000077,000052,0.45346925,7
Jennie,Obama,000077,000053,0.43499494,6
Jennie,Obama,000077,000054,0.4068584,7
Jennie,Obama,000077,000059,0.36240914,7
Jennie,Obama,000077,000060,0.55406433,6
Jennie,Obama,000077,000067,0.50276846,7
Jennie,Obama,000077,000069,0.44952297,8
Jennie,Obama,000077,000070,0.45622808,8
Jennie,Obama,000077,000073,0.3905023,6
Jennie,Obama,000077,000074,0.38723972,8
Jennie,Obama,000077,000075,0.4245861,8
Jennie,Obama,000077,000079,0.4922331,7
Jennie,Obama,000077,000082,0.395754,7
Jennie,Obama,000077,000083,0.45846453,7
Jennie,Obama,000077,000084,0.5059698,8
Jennie,Obama,000077,000087,0.445581,7
Jennie,Obama,000077,000088,0.4238716,7
Jennie,Obama,000077,000089,0.55218136,8
Jennie,Obama,000077,000093,0.3234429,8
Jennie,Obama,000077,000094,0.4513128,7
Jennie,Obama,000077,000095,0.37113383,8
Jennie,Obama,000077,000096,0.5071269,7
Jennie,Obama,000077,000097,0.39641783,6
Jennie,Obama,000077,000098,0.42825478,7
Jennie,Obama,000077,000099,0.37174535,8
Jennie,Obama,000077,000100,0.34357822,8
Jennie,Obama,000077,000101,0.43399897,8
Jennie,Obama,000077,000102,0.3631482,8
Jennie,Obama,000077,000105,0.32016364,8
Jennie,Obama,000082,000001,0.4855012,7
Jennie,Obama,000082,000003,0.40485814,7
Jennie,Obama,000082,000005,0.47634062,6
Jennie,Obama,000082,000006,0.45722237,7
Jennie,Obama,000082,000011,0.43198755,6
Jennie,Obama,000082,000012,0.46225366,7
Jennie,Obama,000082,000013,0.48879406,7
Jennie,Obama,000082,000014,0.48766533,7
Jennie,Obama,000082,000016,0.46561572,6
Jennie,Obama,000082,000017,0.5556471,7
Jennie,Obama,000082,000024,0.5175485,6
Jennie,Obama,000082,000029,0.45080516,6
Jennie,Obama,000082,000030,0.47884616,6
Jennie,Obama,000082,000031,0.45277473,7
Jennie,Obama,000082,000033,0.5659972,7
Jennie,Obama,000082,000037,0.43484348,7
Jennie,Obama,000082,000041,0.4801065,7
Jennie,Obama,000082,000043,0.51321095,7
Jennie,Obama,000082,000044,0.50213873,7
Jennie,Obama,000082,000046,0.45140955,7
Jennie,Obama,000082,000049,0.48995915,7
Jennie,Obama,000082,000052,0.48462406,7
Jennie,Obama,000082,000053,0.4160844,6
Jennie,Obama,000082,000054,0.43963572,7
Jennie,Obama,000082,000059,0.48566672,6
Jennie,Obama,000082,000060,0.45367613,6
Jennie,Obama,000082,000067,0.5258476,7
Jennie,Obama,000082,000069,0.4813828,7
Jennie,Obama,000082,000070,0.52320904,7
Jennie,Obama,000082,000073,0.4975536,6
Jennie,Obama,000082,000074,0.47639364,7
Jennie,Obama,000082,000075,0.55467993,7
Jennie,Obama,000082,000079,0.507163,6
Jennie,Obama,000082,000082,0.43810558,7
Jennie,Obama,000082,000083,0.48159453,6
Jennie,Obama,000082,000084,0.4999104,7
Jennie,Obama,000082,000087,0.4089044,7
Jennie,Obama,000082,000088,0.5516397,7
Jennie,Obama,000082,000089,0.56337965,7
Jennie,Obama,000082,000093,0.47024307,7
Jennie,Obama,000082,000094,0.45860162,6
Jennie,Obama,000082,000095,0.47709492,7
Jennie,Obama,000082,000096,0.45412767,6
Jennie,Obama,000082,000097,0.44618997,6
Jennie,Obama,000082,000098,0.5131752,6
Jennie,Obama,000082,000099,0.5253443,7
Jennie,Obama,000082,000100,0.47054505,7
Jennie,Obama,000082,000101,0.5292343,7
Jennie,Obama,000082,000102,0.47579375,7
Jennie,Obama,000082,000105,0.40218502,7
Jennie,Obama,000083,000001,0.4463462,8
Jennie,Obama,000083,000003,0.37915504,8
Jennie,Obama,000083,000005,0.4693725,7
Jennie,Obama,000083,000006,0.45667267,7
Jennie,Obama,000083,000011,0.43539625,7
Jennie,Obama,000083,000012,0.42814988,8
Jennie,Obama,000083,000013,0.50077254,9
Jennie,Obama,000083,000014,0.40553313,9
Jennie,Obama,000083,000016,0.51513743,6
Jennie,Obama,000083,000017,0.5627012,9
Jennie,Obama,000083,000024,0.3997224,7
Jennie,Obama,000083,000029,0.40124413,7
Jennie,Obama,000083,000030,0.43930164,7
Jennie,Obama,000083,000031,0.5260649,8
Jennie,Obama,000083,000033,0.4756565,9
Jennie,Obama,000083,000037,0.46801722,8
Jennie,Obama,000083,000041,0.47645113,9
Jennie,Obama,000083,000043,0.490377,9
Jennie,Obama,000083,000044,0.45486015,9
Jennie,Obama,000083,000046,0.47301492,8
Jennie,Obama,000083,000049,0.46108553,9
Jennie,Obama,000083,000052,0.5141672,8
Jennie,Obama,000083,000053,0.4475924,6
Jennie,Obama,000083,000054,0.4753172,8
Jennie,Obama,000083,000059,0.35966945,7
Jennie,Obama,000083,000060,0.4777306,6
Jennie,Obama,000083,000067,0.6314683,8
Jennie,Obama,000083,000069,0.53712654,9
Jennie,Obama,000083,000070,0.4835979,9
Jennie,Obama,000083,000073,0.48460636,6
Jennie,Obama,000083,000074,0.46019876,9
Jennie,Obama,000083,000075,0.45619994,8
Jennie,Obama,000083,000079,0.3994023,7
Jennie,Obama,000083,000082,0.46380755,8
Jennie,Obama,000083,000083,0.3950836,7
Jennie,Obama,000083,000084,0.55962443,9
Jennie,Obama,000083,000087,0.4615617,7
Jennie,Obama,000083,000088,0.5346082,8
Jennie,Obama,000083,000089,0.5797889,9
Jennie,Obama,000083,000093,0.38274777,8
Jennie,Obama,000083,000094,0.45469302,7
Jennie,Obama,000083,000095,0.47837442,8
Jennie,Obama,000083,000096,0.4088769,7
Jennie,Obama,000083,000097,0.47692955,6
Jennie,Obama,000083,000098,0.46075147,7
Jennie,Obama,000083,000099,0.42446053,9
Jennie,Obama,000083,000100,0.34807363,9
Jennie,Obama,000083,000101,0.46189648,9
Jennie,Obama,000083,000102,0.40619805,9
Jennie,Obama,000083,000105,0.40781677,9
Jennie,Obama,000094,000001,0.4326821,8
Jennie,Obama,000094,000003,0.38911346,8
Jennie,Obama,000094,000005,0.38781068,7
Jennie,Obama,000094,000006,0.38207704,7
Jennie,Obama,000094,000011,0.3636634,7
Jennie,Obama,000094,000012,0.3765019,8
Jennie,Obama,000094,000013,0.51881015,9
Jennie,Obama,000094,000014,0.44951642,9
Jennie,Obama,000094,000016,0.4191998,6
Jennie,Obama,000094,000017,0.45318332,9
Jennie,Obama,000094,000024,0.41694543,7
Jennie,Obama,000094,000029,0.42303187,7
Jennie,Obama,000094,000030,0.46411642,7
Jennie,Obama,000094,000031,0.4291098,8
Jennie,Obama,000094,000033,0.5449639,9
Jennie,Obama,000094,000037,0.44377062,8
Jennie,Obama,000094,000041,0.49204576,9
Jennie,Obama,000094,000043,0.4688594,9
Jennie,Obama,000094,000044,0.4077132,9
Jennie,Obama,000094,000046,0.48848563,8
Jennie,Obama,000094,000049,0.43413338,9
Jennie,Obama,000094,000052,0.50344086,8
Jennie,Obama,000094,000053,0.40399122,6
Jennie,Obama,000094,000054,0.43491596,8
Jennie,Obama,000094,000059,0.47689345,7
Jennie,Obama,000094,000060,0.42159447,6
Jennie,Obama,000094,000067,0.4886405,8
Jennie,Obama,000094,000069,0.4537868,9
Jennie,Obama,000094,000070,0.4288165,9
Jennie,Obama,000094,000073,0.41255367,6
Jennie,Obama,000094,000074,0.48901668,9
Jennie,Obama,000094,000075,0.48142195,8
Jennie,Obama,000094,000079,0.46101475,7
Jennie,Obama,000094,000082,0.51788646,8
Jennie,Obama,000094,000083,0.39460948,7
Jennie,Obama,000094,000084,0.46266222,9
Jennie,Obama,000094,000087,0.32916024,7
Jennie,Obama,000094,000088,0.4546106,8
Jennie,Obama,000094,000089,0.502872,9
Jennie,Obama,000094,000093,0.39166743,8
Jennie,Obama,000094,000094,0.38442627,7
Jennie,Obama,000094,000095,0.42861962,8
Jennie,Obama,000094,000096,0.38186482,7
Jennie,Obama,000094,000097,0.3541937,6
Jennie,Obama,000094,000098,0.41193676,7
Jennie,Obama,000094,000099,0.42950565,9
Jennie,Obama,000094,000100,0.40326774,9
Jennie,Obama,000094,000101,0.53492975,9
Jennie,Obama,000094,000102,0.44952515,9
Jennie,Obama,000094,000105,0.45325294,9
Jennie,Obama,000096,000001,0.5578493,8
Jennie,Obama,000096,000003,0.49443382,8
Jennie,Obama,000096,000005,0.56752145,7
Jennie,Obama,000096,000006,0.5388747,7
Jennie,Obama,000096,000011,0.5147683,7
Jennie,Obama,000096,000012,0.488423,8
Jennie,Obama,000096,000013,0.45100075,9
Jennie,Obama,000096,000014,0.457032,9
Jennie,Obama,000096,000016,0.5665791,6
Jennie,Obama,000096,000017,0.49994162,9
Jennie,Obama,000096,000024,0.586127,7
Jennie,Obama,000096,000029,0.55085117,7
Jennie,Obama,000096,000030,0.54425794,7
Jennie,Obama,000096,000031,0.4227768,8
Jennie,Obama,000096,000033,0.5777714,9
Jennie,Obama,000096,000037,0.41480637,8
Jennie,Obama,000096,000041,0.47601503,9
Jennie,Obama,000096,000043,0.4570217,9
Jennie,Obama,000096,000044,0.4326408,9
Jennie,Obama,000096,000046,0.4806732,8
Jennie,Obama,000096,000049,0.48641485,9
Jennie,Obama,000096,000052,0.47515646,8
Jennie,Obama,000096,000053,0.54895574,6
Jennie,Obama,000096,000054,0.42035365,8
Jennie,Obama,000096,000059,0.5640252,7
Jennie,Obama,000096,000060,0.56132644,6
Jennie,Obama,000096,000067,0.48274842,8
Jennie,Obama,000096,000069,0.44719422,9
Jennie,Obama,000096,000070,0.47558022,9
Jennie,Obama,000096,000073,0.5911613,6
Jennie,Obama,000096,000074,0.4861818,9
Jennie,Obama,000096,000075,0.52072626,8
Jennie,Obama,000096,000079,0.61632496,7
Jennie,Obama,000096,000082,0.456304,8
Jennie,Obama,000096,000083,0.5676655,7
Jennie,Obama,000096,000084,0.44536632,9
Jennie,Obama,000096,000087,0.47291073,7
Jennie,Obama,000096,000088,0.47148505,8
Jennie,Obama,000096,000089,0.50086886,9
Jennie,Obama,000096,000093,0.5073151,8
Jennie,Obama,000096,000094,0.524902,7
Jennie,Obama,000096,000095,0.51072425,8
Jennie,Obama,000096,000096,0.5595117,7
Jennie,Obama,000096,000097,0.50901794,6
Jennie,Obama,000096,000098,0.4310533,7
Jennie,Obama,000096,000099,0.5589668,9
Jennie,Obama,000096,000100,0.5817052,9
Jennie,Obama,000096,000101,0.5227422,9
Jennie,Obama,000096,000102,0.5069311,9
Jennie,Obama,000096,000105,0.4060705,9
Jennie,Obama,000098,000001,0.39326793,8
Jennie,Obama,000098,000003,0.36167955,9
Jennie,Obama,000098,000005,0.4390548,8
Jennie,Obama,000098,000006,0.4149128,8
Jennie,Obama,000098,000011,0.41056675,8
Jennie,Obama,000098,000012,0.42989695,9
Jennie,Obama,000098,000013,0.4968779,10
Jennie,Obama,000098,000014,0.3787413,9
Jennie,Obama,000098,000016,0.43501142,6
Jennie,Obama,000098,000017,0.510643,9
Jennie,Obama,000098,000024,0.41779578,8
Jennie,Obama,000098,000029,0.3972329,8
Jennie,Obama,000098,000030,0.41080147,8
Jennie,Obama,000098,000031,0.50556797,9
Jennie,Obama,000098,000033,0.53844905,10
Jennie,Obama,000098,000037,0.49637678,9
Jennie,Obama,000098,000041,0.43265194,10
Jennie,Obama,000098,000043,0.44339183,9
Jennie,Obama,000098,000044,0.43427286,10
Jennie,Obama,000098,000046,0.40908968,8
Jennie,Obama,000098,000049,0.4376735,9
Jennie,Obama,000098,000052,0.5277517,9
Jennie,Obama,000098,000053,0.3942351,7
Jennie,Obama,000098,000054,0.4055823,9
Jennie,Obama,000098,000059,0.3617348,7
Jennie,Obama,000098,000060,0.4457614,7
Jennie,Obama,000098,000067,0.60938567,9
Jennie,Obama,000098,000069,0.4544629,9
Jennie,Obama,000098,000070,0.4478799,9
Jennie,Obama,000098,000073,0.41253063,7
Jennie,Obama,000098,000074,0.44912824,10
Jennie,Obama,000098,000075,0.44167945,8
Jennie,Obama,000098,000079,0.4166671,8
Jennie,Obama,000098,000082,0.41799837,8
Jennie,Obama,000098,000083,0.3776491,8
Jennie,Obama,000098,000084,0.59650415,9
Jennie,Obama,000098,000087,0.3934186,8
Jennie,Obama,000098,000088,0.4142704,8
Jennie,Obama,000098,000089,0.5564449,9
Jennie,Obama,000098,000093,0.35020098,8
Jennie,Obama,000098,000094,0.42084733,8
Jennie,Obama,000098,000095,0.39258674,8
Jennie,Obama,000098,000096,0.4026562,8
Jennie,Obama,000098,000097,0.38327873,6
Jennie,Obama,000098,000098,0.44212094,7
Jennie,Obama,000098,000099,0.39834046,10
Jennie,Obama,000098,000100,0.3723774,10
Jennie,Obama,000098,000101,0.4846777,10
Jennie,Obama,000098,000102,0.42961526,9
Jennie,Obama,000098,000105,0.35627097,10
Jennie,Obama,000099,000001,0.33215922,8
Jennie,Obama,000099,000003,0.3632371,9
Jennie,Obama,000099,000005,0.36445197,8
Jennie,Obama,000099,000006,0.40582544,8
Jennie,Obama,000099,000011,0.38301927,8
Jennie,Obama,000099,000012,0.35373193,9
Jennie,Obama,000099,000013,0.48768267,10
Jennie,Obama,000099,000014,0.39325076,9
Jennie,Obama,000099,000016,0.39404932,6
Jennie,Obama,000099,000017,0.41262865,9
Jennie,Obama,000099,000024,0.32864964,8
Jennie,Obama,000099,000029,0.34513855,8
Jennie,Obama,000099,000030,0.34712702,8
Jennie,Obama,000099,000031,0.46022558,9
Jennie,Obama,000099,000033,0.48591718,10
Jennie,Obama,000099,000037,0.46620634,9
Jennie,Obama,000099,000041,0.37294894,10
Jennie,Obama,000099,000043,0.41222683,9
Jennie,Obama,000099,000044,0.41864505,10
Jennie,Obama,000099,000046,0.3927311,8
Jennie,Obama,000099,000049,0.33281714,9
Jennie,Obama,000099,000052,0.48005998,9
Jennie,Obama,000099,000053,0.35020664,7
Jennie,Obama,000099,000054,0.38901308,9
Jennie,Obama,000099,000059,0.38824496,7
Jennie,Obama,000099,000060,0.48177356,7
Jennie,Obama,000099,000067,0.50908655,9
Jennie,Obama,000099,000069,0.35083005,9
Jennie,Obama,000099,000070,0.39293322,9
Jennie,Obama,000099,000073,0.36446977,7
Jennie,Obama,000099,000074,0.40534344,10
Jennie,Obama,000099,000075,0.3580202,8
Jennie,Obama,000099,000079,0.35678852,8
Jennie,Obama,000099,000082,0.38786906,8
Jennie,Obama,000099,000083,0.31032044,8
Jennie,Obama,000099,000084,0.48420572,9
Jennie,Obama,000099,000087,0.35632876,8
Jennie,Obama,000099,000088,0.36468107,8
Jennie,Obama,000099,000089,0.45276466,9
Jennie,Obama,000099,000093,0.2948481,8
Jennie,Obama,000099,000094,0.33339566,8
Jennie,Obama,000099,000095,0.36522043,8
Jennie,Obama,000099,000096,0.31515622,8
Jennie,Obama,000099,000097,0.34869254,6
Jennie,Obama,000099,000098,0.34625816,7
Jennie,Obama,000099,000099,0.3506361,10
Jennie,Obama,000099,000100,0.32607335,10
Jennie,Obama,000099,000101,0.46169886,10
Jennie,Obama,000099,000102,0.36289394,9
Jennie,Obama,000099,000105,0.32187846,10
Jennie,Obama,000100,000001,0.38115838,6
Jennie,Obama,000100,000003,0.36687237,7
Jennie,Obama,000100,000005,0.37246245,7
Jennie,Obama,000100,000006,0.3918183,6
Jennie,Obama,000100,000011,0.33022693,7
Jennie,Obama,000100,000012,0.3651866,7
Jennie,Obama,000100,000013,0.45429116,7
Jennie,Obama,000100,000014,0.36798102,7
Jennie,Obama,000100,000016,0.38525268,6
Jennie,Obama,000100,000017,0.39987546,7
Jennie,Obama,000100,000024,0.44324628,7
Jennie,Obama,000100,000029,0.44487518,7
Jennie,Obama,000100,000030,0.42222387,7
Jennie,Obama,000100,000031,0.41247872,6
Jennie,Obama,000100,000033,0.50104976,7
Jennie,Obama,000100,000037,0.40065947,6
Jennie,Obama,000100,000041,0.4510694,7
Jennie,Obama,000100,000043,0.37928864,7
Jennie,Obama,000100,000044,0.40290228,7
Jennie,Obama,000100,000046,0.46839187,6
Jennie,Obama,000100,000049,0.4139093,7
Jennie,Obama,000100,000052,0.41882133,6
Jennie,Obama,000100,000053,0.38920262,6
Jennie,Obama,000100,000054,0.38827944,6
Jennie,Obama,000100,000059,0.4194942,7
Jennie,Obama,000100,000060,0.3914235,6
Jennie,Obama,000100,000067,0.41032323,6
Jennie,Obama,000100,000069,0.38438767,7
Jennie,Obama,000100,000070,0.386071,7
Jennie,Obama,000100,000073,0.38783255,6
Jennie,Obama,000100,000074,0.42778152,7
Jennie,Obama,000100,000075,0.45024014,7
Jennie,Obama,000100,000079,0.41377267,7
Jennie,Obama,000100,000082,0.47690082,6
Jennie,Obama,000100,000083,0.39278868,7
Jennie,Obama,000100,000084,0.42606,7
Jennie,Obama,000100,000087,0.32660124,6
Jennie,Obama,000100,000088,0.41724023,6
Jennie,Obama,000100,000089,0.45843387,7
Jennie,Obama,000100,000093,0.3836117,7
Jennie,Obama,000100,000094,0.3802698,7
Jennie,Obama,000100,000095,0.4109612,7
Jennie,Obama,000100,000096,0.3829516,7
Jennie,Obama,000100,000097,0.33740875,6
Jennie,Obama,000100,000098,0.3670854,7
Jennie,Obama,000100,000099,0.38071197,7
Jennie,Obama,000100,000100,0.42432275,7
Jennie,Obama,000100,000101,0.48649853,7
Jennie,Obama,000100,000102,0.36293262,7
Jennie,Obama,000100,000105,0.36885074,7
Jennie,Obama,000104,000001,0.3705446,8
Jennie,Obama,000104,000003,0.34266615,8
Jennie,Obama,000104,000005,0.39251533,7
Jennie,Obama,000104,000006,0.41147366,7
Jennie,Obama,000104,000011,0.36961073,7
Jennie,Obama,000104,000012,0.34981686,8
Jennie,Obama,000104,000013,0.42468044,9
Jennie,Obama,000104,000014,0.36691248,9
Jennie,Obama,000104,000016,0.46736133,6
Jennie,Obama,000104,000017,0.44976076,9
Jennie,Obama,000104,000024,0.35282353,7
Jennie,Obama,000104,000029,0.3508558,7
Jennie,Obama,000104,000030,0.34786558,7
Jennie,Obama,000104,000031,0.50523883,8
Jennie,Obama,000104,000033,0.47391307,9
Jennie,Obama,000104,000037,0.4451742,8
Jennie,Obama,000104,000041,0.4177643,9
Jennie,Obama,000104,000043,0.44346005,9
Jennie,Obama,000104,000044,0.41758648,9
Jennie,Obama,000104,000046,0.38262218,8
Jennie,Obama,000104,000049,0.4365622,9
Jennie,Obama,000104,000052,0.4435628,8
Jennie,Obama,000104,000053,0.3728604,6
Jennie,Obama,000104,000054,0.40875146,8
Jennie,Obama,000104,000059,0.36345533,7
Jennie,Obama,000104,000060,0.47174788,6
Jennie,Obama,000104,000067,0.5098749,8
Jennie,Obama,000104,000069,0.40562403,9
Jennie,Obama,000104,000070,0.45381233,9
Jennie,Obama,000104,000073,0.37159503,6
Jennie,Obama,000104,000074,0.4055146,9
Jennie,Obama,000104,000075,0.35762584,8
Jennie,Obama,000104,000079,0.39019305,7
Jennie,Obama,000104,000082,0.41978276,8
Jennie,Obama,000104,000083,0.40857032,7
Jennie,Obama,000104,000084,0.47106123,9
Jennie,Obama,000104,000087,0.41130304,7
Jennie,Obama,000104,000088,0.42719215,8
Jennie,Obama,000104,000089,0.5291226,9
Jennie,Obama,000104,000093,0.34539008,8
Jennie,Obama,000104,000094,0.37565252,7
Jennie,Obama,000104,000095,0.38839036,8
Jennie,Obama,000104,000096,0.37702703,7
Jennie,Obama,000104,000097,0.37462175,6
Jennie,Obama,000104,000098,0.39237323,7
Jennie,Obama,000104,000099,0.38295305,9
Jennie,Obama,000104,000100,0.34977937,9
Jennie,Obama,000104,000101,0.43817508,9
Jennie,Obama,000104,000102,0.39084977,9
Jennie,Obama,000104,000105,0.3245692,9
Jennie,Obama,000105,000001,0.473024,8
Jennie,Obama,000105,000003,0.38229954,8
Jennie,Obama,000105,000005,0.4549694,7
Jennie,Obama,000105,000006,0.44288015,7
Jennie,Obama,000105,000011,0.40151173,7
Jennie,Obama,000105,000012,0.44263166,8
Jennie,Obama,000105,000013,0.6095044,9
Jennie,Obama,000105,000014,0.47099188,9
Jennie,Obama,000105,000016,0.45915714,6
Jennie,Obama,000105,000017,0.5960084,9
Jennie,Obama,000105,000024,0.5237732,7
Jennie,Obama,000105,000029,0.460151,7
Jennie,Obama,000105,000030,0.5245877,7
Jennie,Obama,000105,000031,0.50109076,8
Jennie,Obama,000105,000033,0.60105765,9
Jennie,Obama,000105,000037,0.4537422,8
Jennie,Obama,000105,000041,0.54669654,9
Jennie,Obama,000105,000043,0.51466227,9
Jennie,Obama,000105,000044,0.43222862,9
Jennie,Obama,000105,000046,0.54794824,8
Jennie,Obama,000105,000049,0.51224345,9
Jennie,Obama,000105,000052,0.5329991,8
Jennie,Obama,000105,000053,0.40881285,6
Jennie,Obama,000105,000054,0.47130913,8
Jennie,Obama,000105,000059,0.37601906,7
Jennie,Obama,000105,000060,0.4486626,6
Jennie,Obama,000105,000067,0.62720525,8
Jennie,Obama,000105,000069,0.59820247,9
Jennie,Obama,000105,000070,0.53741074,9
Jennie,Obama,000105,000073,0.49416637,6
Jennie,Obama,000105,000074,0.5522619,9
Jennie,Obama,000105,000075,0.52857375,8
Jennie,Obama,000105,000079,0.5107047,7
Jennie,Obama,000105,000082,0.5719459,8
Jennie,Obama,000105,000083,0.4337485,7
Jennie,Obama,000105,000084,0.5394671,9
Jennie,Obama,000105,000087,0.43953434,7
Jennie,Obama,000105,000088,0.53087413,8
Jennie,Obama,000105,000089,0.6007744,9
Jennie,Obama,000105,000093,0.43876585,8
Jennie,Obama,000105,000094,0.48864904,7
Jennie,Obama,000105,000095,0.48363668,8
Jennie,Obama,000105,000096,0.48873934,7
Jennie,Obama,000105,000097,0.44646907,6
Jennie,Obama,000105,000098,0.5251037,7
Jennie,Obama,000105,000099,0.49275622,9
Jennie,Obama,000105,000100,0.4348834,9
Jennie,Obama,000105,000101,0.6167085,9
Jennie,Obama,000105,000102,0.49223647,9
Jennie,Obama,000105,000105,0.4971083,9
Jennie,Obama,000106,000001,0.42891508,8
Jennie,Obama,000106,000003,0.4497612,7
Jennie,Obama,000106,000005,0.5151343,6
Jennie,Obama,000106,000006,0.46646145,7
Jennie,Obama,000106,000011,0.46971402,6
Jennie,Obama,000106,000012,0.43397763,7
Jennie,Obama,000106,000013,0.54596895,8
Jennie,Obama,000106,000014,0.50005126,8
Jennie,Obama,000106,000016,0.49193743,6
Jennie,Obama,000106,000017,0.5213724,8
Jennie,Obama,000106,000024,0.50083107,6
Jennie,Obama,000106,000029,0.45292923,6
Jennie,Obama,000106,000030,0.46773252,6
Jennie,Obama,000106,000031,0.5446688,8
Jennie,Obama,000106,000033,0.5780518,8
Jennie,Obama,000106,000037,0.53634995,8
Jennie,Obama,000106,000041,0.46876952,8
Jennie,Obama,000106,000043,0.49200332,8
Jennie,Obama,000106,000044,0.5627865,8
Jennie,Obama,000106,000046,0.49306577,8
Jennie,Obama,000106,000049,0.5091868,8
Jennie,Obama,000106,000052,0.58496976,8
Jennie,Obama,000106,000053,0.40829456,6
Jennie,Obama,000106,000054,0.46956417,8
Jennie,Obama,000106,000059,0.46105757,6
Jennie,Obama,000106,000060,0.49828815,6
Jennie,Obama,000106,000067,0.5797263,8
Jennie,Obama,000106,000069,0.498109,8
Jennie,Obama,000106,000070,0.5498113,8
Jennie,Obama,000106,000073,0.4691745,6
Jennie,Obama,000106,000074,0.5036109,8
Jennie,Obama,000106,000075,0.49335662,7
Jennie,Obama,000106,000079,0.5380354,6
Jennie,Obama,000106,000082,0.48618075,8
Jennie,Obama,000106,000083,0.47789088,6
Jennie,Obama,000106,000084,0.51358986,8
Jennie,Obama,000106,000087,0.43323627,7
Jennie,Obama,000106,000088,0.4893907,8
Jennie,Obama,000106,000089,0.6171527,8
Jennie,Obama,000106,000093,0.4497054,7
Jennie,Obama,000106,000094,0.45493266,6
Jennie,Obama,000106,000095,0.47908023,7
Jennie,Obama,000106,000096,0.4680617,6
Jennie,Obama,000106,000097,0.44645432,6
Jennie,Obama,000106,000098,0.5524004,6
Jennie,Obama,000106,000099,0.49473011,8
Jennie,Obama,000106,000100,0.48175073,8
Jennie,Obama,000106,000101,0.590253,8
Jennie,Obama,000106,000102,0.48223925,8
Jennie,Obama,000106,000105,0.4342379,8
Jennie,Obama,000107,000001,0.45992026,8
Jennie,Obama,000107,000003,0.44996515,9
Jennie,Obama,000107,000005,0.474758,8
Jennie,Obama,000107,000006,0.51658285,8
Jennie,Obama,000107,000011,0.42096767,8
Jennie,Obama,000107,000012,0.44440112,9
Jennie,Obama,000107,000013,0.5299917,10
Jennie,Obama,000107,000014,0.44151226,9
Jennie,Obama,000107,000016,0.48791084,6
Jennie,Obama,000107,000017,0.5363748,9
Jennie,Obama,000107,000024,0.4520368,8
Jennie,Obama,000107,000029,0.47263807,8
Jennie,Obama,000107,000030,0.40679643,8
Jennie,Obama,000107,000031,0.50600743,9
Jennie,Obama,000107,000033,0.53437346,10
Jennie,Obama,000107,000037,0.43357998,9
Jennie,Obama,000107,000041,0.4735105,10
Jennie,Obama,000107,000043,0.5085986,9
Jennie,Obama,000107,000044,0.45657128,10
Jennie,Obama,000107,000046,0.47258738,8
Jennie,Obama,000107,000049,0.5455253,9
Jennie,Obama,000107,000052,0.498147,9
Jennie,Obama,000107,000053,0.41832945,7
Jennie,Obama,000107,000054,0.44130528,9
Jennie,Obama,000107,000059,0.3886671,7
Jennie,Obama,000107,000060,0.5431058,7
Jennie,Obama,000107,000067,0.5746966,9
Jennie,Obama,000107,000069,0.5104667,9
Jennie,Obama,000107,000070,0.51856697,9
Jennie,Obama,000107,000073,0.4779844,7
Jennie,Obama,000107,000074,0.4828426,10
Jennie,Obama,000107,000075,0.50860995,8
Jennie,Obama,000107,000079,0.50644433,8
Jennie,Obama,000107,000082,0.5100192,8
Jennie,Obama,000107,000083,0.44154656,8
Jennie,Obama,000107,000084,0.59751517,9
Jennie,Obama,000107,000087,0.49849448,8
Jennie,Obama,000107,000088,0.55238765,8
Jennie,Obama,000107,000089,0.63002056,9
Jennie,Obama,000107,000093,0.41359144,8
Jennie,Obama,000107,000094,0.5045551,8
Jennie,Obama,000107,000095,0.4863358,8
Jennie,Obama,000107,000096,0.48212022,8
Jennie,Obama,000107,000097,0.48132315,6
Jennie,Obama,000107,000098,0.4814898,7
Jennie,Obama,000107,000099,0.48974627,10
Jennie,Obama,000107,000100,0.43672252,10
Jennie,Obama,000107,000101,0.51372707,10
Jennie,Obama,000107,000102,0.4349539,9
Jennie,Obama,000107,000105,0.43766037,10
Jennie,Obama,000111,000001,0.5973513,6
Jennie,Obama,000111,000003,0.58909124,7
Jennie,Obama,000111,000005,0.6247662,7
Jennie,Obama,000111,000006,0.56797445,6
Jennie,Obama,000111,000011,0.6006406,7
Jennie,Obama,000111,000012,0.52682954,7
Jennie,Obama,000111,000013,0.43303314,7
Jennie,Obama,000111,000014,0.47443053,7
Jennie,Obama,000111,000016,0.58266234,6
Jennie,Obama,000111,000017,0.4747949,7
Jennie,Obama,000111,000024,0.6237589,7
Jennie,Obama,000111,000029,0.5946366,7
Jennie,Obama,000111,000030,0.5221178,7
Jennie,Obama,000111,000031,0.41117242,6
Jennie,Obama,000111,000033,0.46515414,7
Jennie,Obama,000111,000037,0.39115182,6
Jennie,Obama,000111,000041,0.5080263,7
Jennie,Obama,000111,000043,0.4613432,7
Jennie,Obama,000111,000044,0.50004756,7
Jennie,Obama,000111,000046,0.36196974,6
Jennie,Obama,000111,000049,0.521387,7
Jennie,Obama,000111,000052,0.44123566,6
Jennie,Obama,000111,000053,0.5240867,6
Jennie,Obama,000111,000054,0.39751253,6
Jennie,Obama,000111,000059,0.54804415,7
Jennie,Obama,000111,000060,0.57675534,6
Jennie,Obama,000111,000067,0.468798,6
Jennie,Obama,000111,000069,0.3885091,7
Jennie,Obama,000111,000070,0.5495755,7
Jennie,Obama,000111,000073,0.5788522,6
Jennie,Obama,000111,000074,0.5968491,7
Jennie,Obama,000111,000075,0.50616133,7
Jennie,Obama,000111,000079,0.67179245,7
Jennie,Obama,000111,000082,0.42715576,6
Jennie,Obama,000111,000083,0.69697577,7
Jennie,Obama,000111,000084,0.44876093,7
Jennie,Obama,000111,000087,0.5773589,6
Jennie,Obama,000111,000088,0.4652053,6
Jennie,Obama,000111,000089,0.45612863,7
Jennie,Obama,000111,000093,0.6727542,7
Jennie,Obama,000111,000094,0.57041,7
Jennie,Obama,000111,000095,0.51568484,7
Jennie,Obama,000111,000096,0.62419796,7
Jennie,Obama,000111,000097,0.5599632,6
Jennie,Obama,000111,000098,0.53723365,7
Jennie,Obama,000111,000099,0.6674436,7
Jennie,Obama,000111,000100,0.70349133,7
Jennie,Obama,000111,000101,0.55512387,7
Jennie,Obama,000111,000102,0.54645985,7
Jennie,Obama,000111,000105,0.5092493,7
Jennie,Obama,000112,000001,0.39674664,8
Jennie,Obama,000112,000003,0.388073,8
Jennie,Obama,000112,000005,0.41276833,7
Jennie,Obama,000112,000006,0.4082318,7
Jennie,Obama,000112,000011,0.38155437,7
Jennie,Obama,000112,000012,0.3758996,8
Jennie,Obama,000112,000013,0.44666752,9
Jennie,Obama,000112,000014,0.474092,9
Jennie,Obama,000112,000016,0.44810048,6
Jennie,Obama,000112,000017,0.45279068,9
Jennie,Obama,000112,000024,0.4106756,7
Jennie,Obama,000112,000029,0.45912388,7
Jennie,Obama,000112,000030,0.41916847,7
Jennie,Obama,000112,000031,0.4797506,8
Jennie,Obama,000112,000033,0.48695743,9
Jennie,Obama,000112,000037,0.42991197,8
Jennie,Obama,000112,000041,0.48281765,9
Jennie,Obama,000112,000043,0.48795006,9
Jennie,Obama,000112,000044,0.44908088,9
Jennie,Obama,000112,000046,0.4636934,8
Jennie,Obama,000112,000049,0.42150623,9
Jennie,Obama,000112,000052,0.48582402,8
Jennie,Obama,000112,000053,0.39103922,6
Jennie,Obama,000112,000054,0.441518,8
Jennie,Obama,000112,000059,0.42785174,7
Jennie,Obama,000112,000060,0.40597153,6
Jennie,Obama,000112,000067,0.45826742,8
Jennie,Obama,000112,000069,0.48525795,9
Jennie,Obama,000112,000070,0.4311561,9
Jennie,Obama,000112,000073,0.4274404,6
Jennie,Obama,000112,000074,0.40514517,9
Jennie,Obama,000112,000075,0.4222911,8
Jennie,Obama,000112,000079,0.40004703,7
Jennie,Obama,000112,000082,0.44482118,8
Jennie,Obama,000112,000083,0.36288384,7
Jennie,Obama,000112,000084,0.39972416,9
Jennie,Obama,000112,000087,0.34754452,7
Jennie,Obama,000112,000088,0.4298678,8
Jennie,Obama,000112,000089,0.47323698,9
Jennie,Obama,000112,000093,0.3635034,8
Jennie,Obama,000112,000094,0.39300948,7
Jennie,Obama,000112,000095,0.40045348,8
Jennie,Obama,000112,000096,0.36970705,7
Jennie,Obama,000112,000097,0.36693904,6
Jennie,Obama,000112,000098,0.38492632,7
Jennie,Obama,000112,000099,0.41998166,9
Jennie,Obama,000112,000100,0.3822324,9
Jennie,Obama,000112,000101,0.4875714,9
Jennie,Obama,000112,000102,0.4182175,9
Jennie,Obama,000112,000105,0.34768572,9
Jennie,Obama,000114,000001,0.44070238,8
Jennie,Obama,000114,000003,0.34483695,8
Jennie,Obama,000114,000005,0.43170762,7
Jennie,Obama,000114,000006,0.4170238,7
Jennie,Obama,000114,000011,0.37229863,7
Jennie,Obama,000114,000012,0.45499438,8
Jennie,Obama,000114,000013,0.5320144,9
Jennie,Obama,000114,000014,0.4261452,9
Jennie,Obama,000114,000016,0.44900146,6
Jennie,Obama,000114,000017,0.64414877,9
Jennie,Obama,000114,000024,0.5072594,7
Jennie,Obama,000114,000029,0.41121364,7
Jennie,Obama,000114,000030,0.49468726,7
Jennie,Obama,000114,000031,0.519588,8
Jennie,Obama,000114,000033,0.554894,9
Jennie,Obama,000114,000037,0.42353454,8
Jennie,Obama,000114,000041,0.4895702,9
Jennie,Obama,000114,000043,0.5675836,9
Jennie,Obama,000114,000044,0.44802487,9
Jennie,Obama,000114,000046,0.47624844,8
Jennie,Obama,000114,000049,0.5495659,9
Jennie,Obama,000114,000052,0.4912119,8
Jennie,Obama,000114,000053,0.34714243,6
Jennie,Obama,000114,000054,0.4215325,8
Jennie,Obama,000114,000059,0.3580667,7
Jennie,Obama,000114,000060,0.41750848,6
Jennie,Obama,000114,000067,0.6216973,8
Jennie,Obama,000114,000069,0.6079935,9
Jennie,Obama,000114,000070,0.61081284,9
Jennie,Obama,000114,000073,0.44195497,6
Jennie,Obama,000114,000074,0.5117518,9
Jennie,Obama,000114,000075,0.5457487,8
Jennie,Obama,000114,000079,0.49978727,7
Jennie,Obama,000114,000082,0.47318634,8
Jennie,Obama,000114,000083,0.4560359,7
Jennie,Obama,000114,000084,0.55514526,9
Jennie,Obama,000114,000087,0.4857265,7
Jennie,Obama,000114,000088,0.5159227,8
Jennie,Obama,000114,000089,0.6136215,9
Jennie,Obama,000114,000093,0.44908208,8
Jennie,Obama,000114,000094,0.5051351,7
Jennie,Obama,000114,000095,0.46572024,8
Jennie,Obama,000114,000096,0.50970274,7
Jennie,Obama,000114,000097,0.45654705,6
Jennie,Obama,000114,000098,0.58355933,7
Jennie,Obama,000114,000099,0.4904922,9
Jennie,Obama,000114,000100,0.42983425,9
Jennie,Obama,000114,000101,0.5707991,9
Jennie,Obama,000114,000102,0.48268625,9
Jennie,Obama,000114,000105,0.44170934,9
