celeb,reference_image_id,compare_image_id,cosine_similarity,num_features_compared
EunwooCha,000001_0,000003_0,0.543548,8
EunwooCha,000001_0,000005_0,0.47032624,8
EunwooCha,000001_0,000007_0,0.4481905,7
EunwooCha,000001_0,000008_0,0.42026353,8
EunwooCha,000001_0,000009_0,0.5188101,8
EunwooCha,000001_0,000010_0,0.5324439,7
EunwooCha,000001_0,000011_0,0.62332976,6
EunwooCha,000001_0,000012_0,0.59710467,9
EunwooCha,000001_0,000013_0,0.49484068,9
EunwooCha,000001_0,000014_0,0.4479972,8
EunwooCha,000001_0,000015_0,0.4932411,7
EunwooCha,000001_0,000016_0,0.6204016,10
EunwooCha,000001_0,000017_0,0.4886142,6
EunwooCha,000001_0,000018_0,0.45136648,7
EunwooCha,000001_0,000020_0,0.42403728,8
EunwooCha,000001_0,000021_0,0.57275033,9
EunwooCha,000001_0,000022_0,0.43261403,8
EunwooCha,000001_0,000023_0,0.51595485,9
EunwooCha,000001_0,000024_0,0.4346345,8
EunwooCha,000001_0,000025_0,0.6262164,8
EunwooCha,000001_0,000026_0,0.43425363,7
EunwooCha,000001_0,000027_0,0.5111224,6
EunwooCha,000001_0,000028_0,0.5086131,7
EunwooCha,000001_0,000029_0,0.51329935,8
EunwooCha,000001_0,000030_0,0.4309965,8
EunwooCha,000001_0,000032_0,0.47272235,8
EunwooCha,000001_0,000037_0,0.47995353,8
EunwooCha,000001_0,000042_0,0.48779923,8
EunwooCha,000001_0,000043_0,0.5093078,7
EunwooCha,000001_0,000044_0,0.44094804,6
EunwooCha,000001_0,000050_0,0.43839455,8
EunwooCha,000001_0,000052_0,0.4712146,7
EunwooCha,000001_0,000053_0,0.462709,8
EunwooCha,000001_0,000055_0,0.56086254,9
EunwooCha,000001_0,000057_0,0.51493776,10
EunwooCha,000001_0,000058_0,0.54625714,7
EunwooCha,000001_0,000060_0,0.46286902,9
EunwooCha,000001_0,000065_0,0.5405347,10
EunwooCha,000001_0,000066_0,0.45544562,9
EunwooCha,000001_0,000067_0,0.35524654,8
EunwooCha,000001_0,000069_0,0.59196645,7
EunwooCha,000001_0,000072_0,0.55251455,8
EunwooCha,000001_0,000073_0,0.5825508,8
EunwooCha,000001_0,000077_1,0.47160363,8
EunwooCha,000001_0,000079_0,0.48424593,9
EunwooCha,000001_0,000081_0,0.64078873,7
EunwooCha,000001_0,000086_0,0.43818396,5
EunwooCha,000001_0,000094_0,0.51812565,8
EunwooCha,000001_0,000101_0,0.51409864,8
EunwooCha,000003_0,000005_0,0.5669007,7
EunwooCha,000003_0,000007_0,0.60858184,7
EunwooCha,000003_0,000008_0,0.60872805,8
EunwooCha,000003_0,000009_0,0.5043897,7
EunwooCha,000003_0,000010_0,0.5832825,6
EunwooCha,000003_0,000011_0,0.5606976,6
EunwooCha,000003_0,000012_0,0.6107204,8
EunwooCha,000003_0,000013_0,0.54378384,8
EunwooCha,000003_0,000014_0,0.6280648,7
EunwooCha,000003_0,000015_0,0.6015329,7
EunwooCha,000003_0,000016_0,0.51131326,8
EunwooCha,000003_0,000017_0,0.5303108,5
EunwooCha,000003_0,000018_0,0.64783376,6
EunwooCha,000003_0,000020_0,0.57434005,7
EunwooCha,000003_0,000021_0,0.53035986,7
EunwooCha,000003_0,000022_0,0.58908176,7
EunwooCha,000003_0,000023_0,0.5782414,7
EunwooCha,000003_0,000024_0,0.5827722,7
EunwooCha,000003_0,000025_0,0.5759076,7
EunwooCha,000003_0,000026_0,0.5518518,6
EunwooCha,000003_0,000027_0,0.5706759,6
EunwooCha,000003_0,000028_0,0.57623345,7
EunwooCha,000003_0,000029_0,0.572108,7
EunwooCha,000003_0,000030_0,0.4417582,7
EunwooCha,000003_0,000032_0,0.5632118,7
EunwooCha,000003_0,000037_0,0.53678936,7
EunwooCha,000003_0,000042_0,0.5870623,6
EunwooCha,000003_0,000043_0,0.64825815,7
EunwooCha,000003_0,000044_0,0.52434534,6
EunwooCha,000003_0,000050_0,0.53703606,7
EunwooCha,000003_0,000052_0,0.5517207,7
EunwooCha,000003_0,000053_0,0.54216903,7
EunwooCha,000003_0,000055_0,0.6225065,8
EunwooCha,000003_0,000057_0,0.6169504,8
EunwooCha,000003_0,000058_0,0.6068237,6
EunwooCha,000003_0,000060_0,0.6347648,8
EunwooCha,000003_0,000065_0,0.56406164,8
EunwooCha,000003_0,000066_0,0.6155953,7
EunwooCha,000003_0,000067_0,0.478227,7
EunwooCha,000003_0,000069_0,0.51446813,7
EunwooCha,000003_0,000072_0,0.54211706,7
EunwooCha,000003_0,000073_0,0.46503782,7
EunwooCha,000003_0,000077_1,0.5541783,7
EunwooCha,000003_0,000079_0,0.6359075,8
EunwooCha,000003_0,000081_0,0.545963,7
EunwooCha,000003_0,000086_0,0.50215894,5
EunwooCha,000003_0,000094_0,0.72273904,7
EunwooCha,000003_0,000101_0,0.55267847,7
EunwooCha,000005_0,000007_0,0.65070766,7
EunwooCha,000005_0,000008_0,0.48108578,7
EunwooCha,000005_0,000009_0,0.5414928,8
EunwooCha,000005_0,000010_0,0.5578279,7
EunwooCha,000005_0,000011_0,0.6957341,6
EunwooCha,000005_0,000012_0,0.48064265,7
EunwooCha,000005_0,000013_0,0.52819014,7
EunwooCha,000005_0,000014_0,0.3934389,6
EunwooCha,000005_0,000015_0,0.58714986,6
EunwooCha,000005_0,000016_0,0.4425896,8
EunwooCha,000005_0,000017_0,0.51654965,6
EunwooCha,000005_0,000018_0,0.56279486,7
EunwooCha,000005_0,000020_0,0.4872139,8
EunwooCha,000005_0,000021_0,0.5577705,7
EunwooCha,000005_0,000022_0,0.3776114,6
EunwooCha,000005_0,000023_0,0.664896,7
EunwooCha,000005_0,000024_0,0.5219429,6
EunwooCha,000005_0,000025_0,0.48083624,6
EunwooCha,000005_0,000026_0,0.5842282,7
EunwooCha,000005_0,000027_0,0.5816299,6
EunwooCha,000005_0,000028_0,0.61576474,7
EunwooCha,000005_0,000029_0,0.6109462,7
EunwooCha,000005_0,000030_0,0.5824452,7
EunwooCha,000005_0,000032_0,0.5288106,8
EunwooCha,000005_0,000037_0,0.5152256,7
EunwooCha,000005_0,000042_0,0.5573709,7
EunwooCha,000005_0,000043_0,0.5511201,6
EunwooCha,000005_0,000044_0,0.57740664,6
EunwooCha,000005_0,000050_0,0.48567927,8
EunwooCha,000005_0,000052_0,0.5959753,7
EunwooCha,000005_0,000053_0,0.57101136,6
EunwooCha,000005_0,000055_0,0.5409027,7
EunwooCha,000005_0,000057_0,0.4247817,8
EunwooCha,000005_0,000058_0,0.59527576,5
EunwooCha,000005_0,000060_0,0.55114394,7
EunwooCha,000005_0,000065_0,0.6175996,8
EunwooCha,000005_0,000066_0,0.41072795,7
EunwooCha,000005_0,000067_0,0.4154714,6
EunwooCha,000005_0,000069_0,0.55199474,7
EunwooCha,000005_0,000072_0,0.49980912,6
EunwooCha,000005_0,000073_0,0.46554533,7
EunwooCha,000005_0,000077_1,0.6431312,6
EunwooCha,000005_0,000079_0,0.6745351,7
EunwooCha,000005_0,000081_0,0.455931,7
EunwooCha,000005_0,000086_0,0.42860293,5
EunwooCha,000005_0,000094_0,0.5110946,6
EunwooCha,000005_0,000101_0,0.5805011,7
EunwooCha,000007_0,000008_0,0.6148301,7
EunwooCha,000007_0,000009_0,0.7779315,7
EunwooCha,000007_0,000010_0,0.6707886,6
EunwooCha,000007_0,000011_0,0.6284767,6
EunwooCha,000007_0,000012_0,0.49684018,7
EunwooCha,000007_0,000013_0,0.59786844,7
EunwooCha,000007_0,000014_0,0.4932973,6
EunwooCha,000007_0,000015_0,0.7282288,6
EunwooCha,000007_0,000016_0,0.5262051,7
EunwooCha,000007_0,000017_0,0.6679781,5
EunwooCha,000007_0,000018_0,0.7058758,6
EunwooCha,000007_0,000020_0,0.6247563,7
EunwooCha,000007_0,000021_0,0.57370263,6
EunwooCha,000007_0,000022_0,0.4872409,6
EunwooCha,000007_0,000023_0,0.67596763,6
EunwooCha,000007_0,000024_0,0.60258204,6
EunwooCha,000007_0,000025_0,0.5053242,6
EunwooCha,000007_0,000026_0,0.6845455,6
EunwooCha,000007_0,000027_0,0.63768786,6
EunwooCha,000007_0,000028_0,0.66269696,7
EunwooCha,000007_0,000029_0,0.74695426,7
EunwooCha,000007_0,000030_0,0.7893834,6
EunwooCha,000007_0,000032_0,0.75490963,7
EunwooCha,000007_0,000037_0,0.5479725,6
EunwooCha,000007_0,000042_0,0.61954314,6
EunwooCha,000007_0,000043_0,0.6213937,6
EunwooCha,000007_0,000044_0,0.6672525,6
EunwooCha,000007_0,000050_0,0.6066551,7
EunwooCha,000007_0,000052_0,0.7720724,7
EunwooCha,000007_0,000053_0,0.51412815,6
EunwooCha,000007_0,000055_0,0.5129663,7
EunwooCha,000007_0,000057_0,0.50929826,7
EunwooCha,000007_0,000058_0,0.5364559,5
EunwooCha,000007_0,000060_0,0.6043764,7
EunwooCha,000007_0,000065_0,0.5909036,7
EunwooCha,000007_0,000066_0,0.5195623,6
EunwooCha,000007_0,000067_0,0.48371172,6
EunwooCha,000007_0,000069_0,0.5944933,7
EunwooCha,000007_0,000072_0,0.5033128,6
EunwooCha,000007_0,000073_0,0.6544669,6
EunwooCha,000007_0,000077_1,0.6738878,6
EunwooCha,000007_0,000079_0,0.70401096,7
EunwooCha,000007_0,000081_0,0.50396883,7
EunwooCha,000007_0,000086_0,0.4971497,5
EunwooCha,000007_0,000094_0,0.57660866,6
EunwooCha,000007_0,000101_0,0.756464,7
EunwooCha,000008_0,000009_0,0.5885919,7
EunwooCha,000008_0,000010_0,0.50371486,6
EunwooCha,000008_0,000011_0,0.4803411,6
EunwooCha,000008_0,000012_0,0.47806618,9
EunwooCha,000008_0,000013_0,0.4318234,9
EunwooCha,000008_0,000014_0,0.5885561,7
EunwooCha,000008_0,000015_0,0.6042162,7
EunwooCha,000008_0,000016_0,0.48155397,8
EunwooCha,000008_0,000017_0,0.5480155,5
EunwooCha,000008_0,000018_0,0.5766149,6
EunwooCha,000008_0,000020_0,0.5687885,7
EunwooCha,000008_0,000021_0,0.49618784,7
EunwooCha,000008_0,000022_0,0.5678838,7
EunwooCha,000008_0,000023_0,0.55097145,7
EunwooCha,000008_0,000024_0,0.5444492,8
EunwooCha,000008_0,000025_0,0.5148796,7
EunwooCha,000008_0,000026_0,0.57170624,6
EunwooCha,000008_0,000027_0,0.50741345,6
EunwooCha,000008_0,000028_0,0.53070766,7
EunwooCha,000008_0,000029_0,0.5226277,8
EunwooCha,000008_0,000030_0,0.5090197,7
EunwooCha,000008_0,000032_0,0.63899165,7
EunwooCha,000008_0,000037_0,0.52455986,7
EunwooCha,000008_0,000042_0,0.5405243,6
EunwooCha,000008_0,000043_0,0.5890765,7
EunwooCha,000008_0,000044_0,0.5586004,6
EunwooCha,000008_0,000050_0,0.58465815,7
EunwooCha,000008_0,000052_0,0.5352614,7
EunwooCha,000008_0,000053_0,0.45332044,7
EunwooCha,000008_0,000055_0,0.5181317,8
EunwooCha,000008_0,000057_0,0.51654816,8
EunwooCha,000008_0,000058_0,0.49409947,6
EunwooCha,000008_0,000060_0,0.62845457,8
EunwooCha,000008_0,000065_0,0.5105574,8
EunwooCha,000008_0,000066_0,0.58036774,7
EunwooCha,000008_0,000067_0,0.5593625,8
EunwooCha,000008_0,000069_0,0.50126636,7
EunwooCha,000008_0,000072_0,0.4474689,7
EunwooCha,000008_0,000073_0,0.46760777,7
EunwooCha,000008_0,000077_1,0.5101341,7
EunwooCha,000008_0,000079_0,0.56558007,8
EunwooCha,000008_0,000081_0,0.48634958,7
EunwooCha,000008_0,000086_0,0.47700167,5
EunwooCha,000008_0,000094_0,0.5499292,7
EunwooCha,000008_0,000101_0,0.5286467,7
EunwooCha,000009_0,000010_0,0.6084582,7
EunwooCha,000009_0,000011_0,0.60212684,6
EunwooCha,000009_0,000012_0,0.5471038,7
EunwooCha,000009_0,000013_0,0.5208302,7
EunwooCha,000009_0,000014_0,0.5225044,6
EunwooCha,000009_0,000015_0,0.6656639,6
EunwooCha,000009_0,000016_0,0.5519221,8
EunwooCha,000009_0,000017_0,0.62205523,6
EunwooCha,000009_0,000018_0,0.5538232,7
EunwooCha,000009_0,000020_0,0.56921995,8
EunwooCha,000009_0,000021_0,0.5226119,7
EunwooCha,000009_0,000022_0,0.5200226,6
EunwooCha,000009_0,000023_0,0.6258208,7
EunwooCha,000009_0,000024_0,0.5414409,6
EunwooCha,000009_0,000025_0,0.47548828,6
EunwooCha,000009_0,000026_0,0.64341056,7
EunwooCha,000009_0,000027_0,0.61727864,6
EunwooCha,000009_0,000028_0,0.60281473,7
EunwooCha,000009_0,000029_0,0.8116947,7
EunwooCha,000009_0,000030_0,0.88275135,7
EunwooCha,000009_0,000032_0,0.7488947,8
EunwooCha,000009_0,000037_0,0.5362559,7
EunwooCha,000009_0,000042_0,0.5871379,7
EunwooCha,000009_0,000043_0,0.53883964,6
EunwooCha,000009_0,000044_0,0.66495895,6
EunwooCha,000009_0,000050_0,0.48919663,8
EunwooCha,000009_0,000052_0,0.7378318,7
EunwooCha,000009_0,000053_0,0.4777147,6
EunwooCha,000009_0,000055_0,0.46141285,7
EunwooCha,000009_0,000057_0,0.50179076,8
EunwooCha,000009_0,000058_0,0.4744718,5
EunwooCha,000009_0,000060_0,0.56103325,7
EunwooCha,000009_0,000065_0,0.6536541,8
EunwooCha,000009_0,000066_0,0.5466321,7
EunwooCha,000009_0,000067_0,0.48234463,6
EunwooCha,000009_0,000069_0,0.5752473,7
EunwooCha,000009_0,000072_0,0.43367252,6
EunwooCha,000009_0,000073_0,0.58808774,7
EunwooCha,000009_0,000077_1,0.6347526,6
EunwooCha,000009_0,000079_0,0.6435831,7
EunwooCha,000009_0,000081_0,0.49919185,7
EunwooCha,000009_0,000086_0,0.4987739,5
EunwooCha,000009_0,000094_0,0.51052195,6
EunwooCha,000009_0,000101_0,0.8015847,7
EunwooCha,000010_0,000011_0,0.6935005,6
EunwooCha,000010_0,000012_0,0.50690275,6
EunwooCha,000010_0,000013_0,0.5742796,6
EunwooCha,000010_0,000014_0,0.5956316,6
EunwooCha,000010_0,000015_0,0.657421,5
EunwooCha,000010_0,000016_0,0.47772044,7
EunwooCha,000010_0,000017_0,0.5861238,6
EunwooCha,000010_0,000018_0,0.60534984,6
EunwooCha,000010_0,000020_0,0.53269356,7
EunwooCha,000010_0,000021_0,0.54213625,7
EunwooCha,000010_0,000022_0,0.5856876,6
EunwooCha,000010_0,000023_0,0.6614064,7
EunwooCha,000010_0,000024_0,0.48781407,6
EunwooCha,000010_0,000025_0,0.49806806,6
EunwooCha,000010_0,000026_0,0.62323236,7
EunwooCha,000010_0,000027_0,0.62621546,6
EunwooCha,000010_0,000028_0,0.671706,6
EunwooCha,000010_0,000029_0,0.60050565,6
EunwooCha,000010_0,000030_0,0.5695213,7
EunwooCha,000010_0,000032_0,0.554897,7
EunwooCha,000010_0,000037_0,0.5027102,7
EunwooCha,000010_0,000042_0,0.59976476,7
EunwooCha,000010_0,000043_0,0.4869353,5
EunwooCha,000010_0,000044_0,0.61852676,6
EunwooCha,000010_0,000050_0,0.5126441,7
EunwooCha,000010_0,000052_0,0.6407963,6
EunwooCha,000010_0,000053_0,0.5115959,6
EunwooCha,000010_0,000055_0,0.5598804,6
EunwooCha,000010_0,000057_0,0.5341679,7
EunwooCha,000010_0,000058_0,0.47760764,5
EunwooCha,000010_0,000060_0,0.55429894,6
EunwooCha,000010_0,000065_0,0.56920975,7
EunwooCha,000010_0,000066_0,0.5490733,7
EunwooCha,000010_0,000067_0,0.40658507,6
EunwooCha,000010_0,000069_0,0.5632172,6
EunwooCha,000010_0,000072_0,0.47710395,5
EunwooCha,000010_0,000073_0,0.48159996,7
EunwooCha,000010_0,000077_1,0.64574236,6
EunwooCha,000010_0,000079_0,0.6969059,6
EunwooCha,000010_0,000081_0,0.5362442,6
EunwooCha,000010_0,000086_0,0.51819575,5
EunwooCha,000010_0,000094_0,0.5858162,6
EunwooCha,000010_0,000101_0,0.59276,6
EunwooCha,000011_0,000012_0,0.64569944,6
EunwooCha,000011_0,000013_0,0.65881556,6
EunwooCha,000011_0,000014_0,0.5457341,6
EunwooCha,000011_0,000015_0,0.64259106,5
EunwooCha,000011_0,000016_0,0.55855405,6
EunwooCha,000011_0,000017_0,0.6155072,5
EunwooCha,000011_0,000018_0,0.67468405,5
EunwooCha,000011_0,000020_0,0.63034254,6
EunwooCha,000011_0,000021_0,0.62251693,6
EunwooCha,000011_0,000022_0,0.5190216,6
EunwooCha,000011_0,000023_0,0.6447476,6
EunwooCha,000011_0,000024_0,0.49578166,6
EunwooCha,000011_0,000025_0,0.67109567,6
EunwooCha,000011_0,000026_0,0.61160344,6
EunwooCha,000011_0,000027_0,0.6239818,6
EunwooCha,000011_0,000028_0,0.6286424,6
EunwooCha,000011_0,000029_0,0.61811584,6
EunwooCha,000011_0,000030_0,0.5649263,6
EunwooCha,000011_0,000032_0,0.5526782,6
EunwooCha,000011_0,000037_0,0.4929318,6
EunwooCha,000011_0,000042_0,0.6218974,6
EunwooCha,000011_0,000043_0,0.5542138,5
EunwooCha,000011_0,000044_0,0.57943684,6
EunwooCha,000011_0,000050_0,0.6484031,6
EunwooCha,000011_0,000052_0,0.63125163,6
EunwooCha,000011_0,000053_0,0.5218598,6
EunwooCha,000011_0,000055_0,0.5701221,6
EunwooCha,000011_0,000057_0,0.55804455,6
EunwooCha,000011_0,000058_0,0.6043051,5
EunwooCha,000011_0,000060_0,0.5464842,6
EunwooCha,000011_0,000065_0,0.6502171,6
EunwooCha,000011_0,000066_0,0.48921368,6
EunwooCha,000011_0,000067_0,0.40053582,6
EunwooCha,000011_0,000069_0,0.6122739,6
EunwooCha,000011_0,000072_0,0.63480675,5
EunwooCha,000011_0,000073_0,0.6003467,6
EunwooCha,000011_0,000077_1,0.5773055,6
EunwooCha,000011_0,000079_0,0.69800735,6
EunwooCha,000011_0,000081_0,0.58120775,6
EunwooCha,000011_0,000086_0,0.4828004,5
EunwooCha,000011_0,000094_0,0.554468,6
EunwooCha,000011_0,000101_0,0.5840285,6
EunwooCha,000012_0,000013_0,0.48055896,10
EunwooCha,000012_0,000014_0,0.56767666,8
EunwooCha,000012_0,000015_0,0.5000053,7
EunwooCha,000012_0,000016_0,0.5746557,9
EunwooCha,000012_0,000017_0,0.48412243,5
EunwooCha,000012_0,000018_0,0.5682211,6
EunwooCha,000012_0,000020_0,0.49987268,7
EunwooCha,000012_0,000021_0,0.5402493,8
EunwooCha,000012_0,000022_0,0.5255716,8
EunwooCha,000012_0,000023_0,0.4609869,8
EunwooCha,000012_0,000024_0,0.4832073,9
EunwooCha,000012_0,000025_0,0.569975,8
EunwooCha,000012_0,000026_0,0.4837865,6
EunwooCha,000012_0,000027_0,0.5286234,6
EunwooCha,000012_0,000028_0,0.4744495,7
EunwooCha,000012_0,000029_0,0.5236284,9
EunwooCha,000012_0,000030_0,0.41794476,7
EunwooCha,000012_0,000032_0,0.47824025,7
EunwooCha,000012_0,000037_0,0.52603877,7
EunwooCha,000012_0,000042_0,0.48346844,7
EunwooCha,000012_0,000043_0,0.52002215,7
EunwooCha,000012_0,000044_0,0.45379826,6
EunwooCha,000012_0,000050_0,0.5038423,7
EunwooCha,000012_0,000052_0,0.46414542,7
EunwooCha,000012_0,000053_0,0.4667488,8
EunwooCha,000012_0,000055_0,0.5273164,9
EunwooCha,000012_0,000057_0,0.6453908,9
EunwooCha,000012_0,000058_0,0.6281455,7
EunwooCha,000012_0,000060_0,0.51560616,9
EunwooCha,000012_0,000065_0,0.56301886,9
EunwooCha,000012_0,000066_0,0.5674355,8
EunwooCha,000012_0,000067_0,0.3676361,9
EunwooCha,000012_0,000069_0,0.5353603,7
EunwooCha,000012_0,000072_0,0.6045698,8
EunwooCha,000012_0,000073_0,0.55129814,7
EunwooCha,000012_0,000077_1,0.4565574,8
EunwooCha,000012_0,000079_0,0.5074494,9
EunwooCha,000012_0,000081_0,0.57430255,7
EunwooCha,000012_0,000086_0,0.48811683,5
EunwooCha,000012_0,000094_0,0.6042242,8
EunwooCha,000012_0,000101_0,0.5288024,8
EunwooCha,000013_0,000014_0,0.41354418,8
EunwooCha,000013_0,000015_0,0.6251208,7
EunwooCha,000013_0,000016_0,0.45243275,9
EunwooCha,000013_0,000017_0,0.70795673,5
EunwooCha,000013_0,000018_0,0.5882385,6
EunwooCha,000013_0,000020_0,0.5892276,7
EunwooCha,000013_0,000021_0,0.49867234,8
EunwooCha,000013_0,000022_0,0.40971696,8
EunwooCha,000013_0,000023_0,0.5411875,8
EunwooCha,000013_0,000024_0,0.46043566,9
EunwooCha,000013_0,000025_0,0.5029675,8
EunwooCha,000013_0,000026_0,0.5520041,6
EunwooCha,000013_0,000027_0,0.6592528,6
EunwooCha,000013_0,000028_0,0.61645794,7
EunwooCha,000013_0,000029_0,0.54812086,9
EunwooCha,000013_0,000030_0,0.48564753,7
EunwooCha,000013_0,000032_0,0.575946,7
EunwooCha,000013_0,000037_0,0.46467212,7
EunwooCha,000013_0,000042_0,0.6310399,7
EunwooCha,000013_0,000043_0,0.497546,7
EunwooCha,000013_0,000044_0,0.5743062,6
EunwooCha,000013_0,000050_0,0.58158356,7
EunwooCha,000013_0,000052_0,0.54711497,7
EunwooCha,000013_0,000053_0,0.39133936,8
EunwooCha,000013_0,000055_0,0.4754091,9
EunwooCha,000013_0,000057_0,0.43946332,9
EunwooCha,000013_0,000058_0,0.44642183,7
EunwooCha,000013_0,000060_0,0.4267597,9
EunwooCha,000013_0,000065_0,0.52322006,9
EunwooCha,000013_0,000066_0,0.40025985,8
EunwooCha,000013_0,000067_0,0.36242497,9
EunwooCha,000013_0,000069_0,0.53921616,7
EunwooCha,000013_0,000072_0,0.39699242,8
EunwooCha,000013_0,000073_0,0.51724285,7
EunwooCha,000013_0,000077_1,0.4965048,8
EunwooCha,000013_0,000079_0,0.6119196,9
EunwooCha,000013_0,000081_0,0.5292064,7
EunwooCha,000013_0,000086_0,0.3729524,5
EunwooCha,000013_0,000094_0,0.4948486,8
EunwooCha,000013_0,000101_0,0.63644636,8
EunwooCha,000014_0,000015_0,0.50907713,6
EunwooCha,000014_0,000016_0,0.4835119,8
EunwooCha,000014_0,000017_0,0.5086536,5
EunwooCha,000014_0,000018_0,0.57189554,5
EunwooCha,000014_0,000020_0,0.5089806,6
EunwooCha,000014_0,000021_0,0.49434337,8
EunwooCha,000014_0,000022_0,0.91675305,8
EunwooCha,000014_0,000023_0,0.48439494,8
EunwooCha,000014_0,000024_0,0.4723712,8
EunwooCha,000014_0,000025_0,0.5288307,8
EunwooCha,000014_0,000026_0,0.5226616,6
EunwooCha,000014_0,000027_0,0.5236116,6
EunwooCha,000014_0,000028_0,0.47836325,6
EunwooCha,000014_0,000029_0,0.44849226,7
EunwooCha,000014_0,000030_0,0.44475606,7
EunwooCha,000014_0,000032_0,0.45221785,6
EunwooCha,000014_0,000037_0,0.51736176,7
EunwooCha,000014_0,000042_0,0.4660568,7
EunwooCha,000014_0,000043_0,0.50205606,6
EunwooCha,000014_0,000044_0,0.48777315,6
EunwooCha,000014_0,000050_0,0.47155765,6
EunwooCha,000014_0,000052_0,0.49361613,6
EunwooCha,000014_0,000053_0,0.45613337,8
EunwooCha,000014_0,000055_0,0.5504467,8
EunwooCha,000014_0,000057_0,0.58172166,8
EunwooCha,000014_0,000058_0,0.50510466,7
EunwooCha,000014_0,000060_0,0.6137881,8
EunwooCha,000014_0,000065_0,0.47092754,8
EunwooCha,000014_0,000066_0,0.6623869,8
EunwooCha,000014_0,000067_0,0.45761338,8
EunwooCha,000014_0,000069_0,0.44122556,6
EunwooCha,000014_0,000072_0,0.52693987,7
EunwooCha,000014_0,000073_0,0.41337138,7
EunwooCha,000014_0,000077_1,0.50207704,8
EunwooCha,000014_0,000079_0,0.49178213,8
EunwooCha,000014_0,000081_0,0.5256408,6
EunwooCha,000014_0,000086_0,0.5566002,5
EunwooCha,000014_0,000094_0,0.55295503,8
EunwooCha,000014_0,000101_0,0.41258714,7
EunwooCha,000015_0,000016_0,0.5025418,7
EunwooCha,000015_0,000017_0,0.68077534,5
EunwooCha,000015_0,000018_0,0.6608184,6
EunwooCha,000015_0,000020_0,0.6909895,6
EunwooCha,000015_0,000021_0,0.5198312,6
EunwooCha,000015_0,000022_0,0.4912015,6
EunwooCha,000015_0,000023_0,0.700344,6
EunwooCha,000015_0,000024_0,0.5581041,6
EunwooCha,000015_0,000025_0,0.53402984,6
EunwooCha,000015_0,000026_0,0.64520514,5
EunwooCha,000015_0,000027_0,0.6675117,5
EunwooCha,000015_0,000028_0,0.67050725,6
EunwooCha,000015_0,000029_0,0.70245427,6
EunwooCha,000015_0,000030_0,0.65153927,6
EunwooCha,000015_0,000032_0,0.7243145,6
EunwooCha,000015_0,000037_0,0.6013641,6
EunwooCha,000015_0,000042_0,0.7648367,5
EunwooCha,000015_0,000043_0,0.7135755,7
EunwooCha,000015_0,000044_0,0.69603336,5
EunwooCha,000015_0,000050_0,0.62200254,6
EunwooCha,000015_0,000052_0,0.7281084,6
EunwooCha,000015_0,000053_0,0.4726278,6
EunwooCha,000015_0,000055_0,0.55351555,7
EunwooCha,000015_0,000057_0,0.47160724,7
EunwooCha,000015_0,000058_0,0.55586123,6
EunwooCha,000015_0,000060_0,0.5670752,7
EunwooCha,000015_0,000065_0,0.6837056,7
EunwooCha,000015_0,000066_0,0.5545817,6
EunwooCha,000015_0,000067_0,0.5509205,6
EunwooCha,000015_0,000069_0,0.55332816,6
EunwooCha,000015_0,000072_0,0.40420508,7
EunwooCha,000015_0,000073_0,0.5290761,6
EunwooCha,000015_0,000077_1,0.72503144,6
EunwooCha,000015_0,000079_0,0.6717347,7
EunwooCha,000015_0,000081_0,0.49988472,6
EunwooCha,000015_0,000086_0,0.41269454,5
EunwooCha,000015_0,000094_0,0.60907626,6
EunwooCha,000015_0,000101_0,0.64359754,6
EunwooCha,000016_0,000017_0,0.49138084,6
EunwooCha,000016_0,000018_0,0.49021196,7
EunwooCha,000016_0,000020_0,0.39963198,8
EunwooCha,000016_0,000021_0,0.5542805,9
EunwooCha,000016_0,000022_0,0.46904343,8
EunwooCha,000016_0,000023_0,0.4751811,9
EunwooCha,000016_0,000024_0,0.43305165,8
EunwooCha,000016_0,000025_0,0.58976555,8
EunwooCha,000016_0,000026_0,0.4712704,7
EunwooCha,000016_0,000027_0,0.46162757,6
EunwooCha,000016_0,000028_0,0.44732958,7
EunwooCha,000016_0,000029_0,0.5643393,8
EunwooCha,000016_0,000030_0,0.4488356,8
EunwooCha,000016_0,000032_0,0.47619587,8
EunwooCha,000016_0,000037_0,0.44838738,8
EunwooCha,000016_0,000042_0,0.44565263,8
EunwooCha,000016_0,000043_0,0.48194954,7
EunwooCha,000016_0,000044_0,0.4559308,6
EunwooCha,000016_0,000050_0,0.37823355,8
EunwooCha,000016_0,000052_0,0.5052649,7
EunwooCha,000016_0,000053_0,0.42256105,8
EunwooCha,000016_0,000055_0,0.46698597,9
EunwooCha,000016_0,000057_0,0.53823656,10
EunwooCha,000016_0,000058_0,0.5397932,7
EunwooCha,000016_0,000060_0,0.46349874,9
EunwooCha,000016_0,000065_0,0.48877716,10
EunwooCha,000016_0,000066_0,0.48480314,9
EunwooCha,000016_0,000067_0,0.4132139,8
EunwooCha,000016_0,000069_0,0.5770696,7
EunwooCha,000016_0,000072_0,0.57131106,8
EunwooCha,000016_0,000073_0,0.5835179,8
EunwooCha,000016_0,000077_1,0.4479939,8
EunwooCha,000016_0,000079_0,0.47933537,9
EunwooCha,000016_0,000081_0,0.56498706,7
EunwooCha,000016_0,000086_0,0.467544,5
EunwooCha,000016_0,000094_0,0.4746333,8
EunwooCha,000016_0,000101_0,0.5468738,8
EunwooCha,000017_0,000018_0,0.56864953,6
EunwooCha,000017_0,000020_0,0.5852742,6
EunwooCha,000017_0,000021_0,0.580669,6
EunwooCha,000017_0,000022_0,0.4962491,5
EunwooCha,000017_0,000023_0,0.61346245,6
EunwooCha,000017_0,000024_0,0.5792225,5
EunwooCha,000017_0,000025_0,0.5763451,5
EunwooCha,000017_0,000026_0,0.5620654,6
EunwooCha,000017_0,000027_0,0.71171117,5
EunwooCha,000017_0,000028_0,0.6616112,5
EunwooCha,000017_0,000029_0,0.66887885,5
EunwooCha,000017_0,000030_0,0.5850484,6
EunwooCha,000017_0,000032_0,0.6080328,6
EunwooCha,000017_0,000037_0,0.500873,6
EunwooCha,000017_0,000042_0,0.6352903,6
EunwooCha,000017_0,000043_0,0.52010834,5
EunwooCha,000017_0,000044_0,0.71415406,5
EunwooCha,000017_0,000050_0,0.56472373,6
EunwooCha,000017_0,000052_0,0.6450023,5
EunwooCha,000017_0,000053_0,0.4169303,5
EunwooCha,000017_0,000055_0,0.49696088,5
EunwooCha,000017_0,000057_0,0.46463534,6
EunwooCha,000017_0,000058_0,0.4396066,5
EunwooCha,000017_0,000060_0,0.47191733,5
EunwooCha,000017_0,000065_0,0.6360126,6
EunwooCha,000017_0,000066_0,0.5254791,6
EunwooCha,000017_0,000067_0,0.45453674,5
EunwooCha,000017_0,000069_0,0.5883641,5
EunwooCha,000017_0,000072_0,0.39493513,5
EunwooCha,000017_0,000073_0,0.504582,6
EunwooCha,000017_0,000077_1,0.60371655,5
EunwooCha,000017_0,000079_0,0.7050222,5
EunwooCha,000017_0,000081_0,0.57189924,5
EunwooCha,000017_0,000086_0,0.4068522,5
EunwooCha,000017_0,000094_0,0.5247521,5
EunwooCha,000017_0,000101_0,0.7237934,5
EunwooCha,000018_0,000020_0,0.62635475,7
EunwooCha,000018_0,000021_0,0.5254782,6
EunwooCha,000018_0,000022_0,0.5399121,5
EunwooCha,000018_0,000023_0,0.603332,6
EunwooCha,000018_0,000024_0,0.5382116,5
EunwooCha,000018_0,000025_0,0.49905053,5
EunwooCha,000018_0,000026_0,0.6397657,6
EunwooCha,000018_0,000027_0,0.6387471,5
EunwooCha,000018_0,000028_0,0.6871986,6
EunwooCha,000018_0,000029_0,0.6188182,6
EunwooCha,000018_0,000030_0,0.52472234,6
EunwooCha,000018_0,000032_0,0.6088101,7
EunwooCha,000018_0,000037_0,0.4334582,6
EunwooCha,000018_0,000042_0,0.5934508,6
EunwooCha,000018_0,000043_0,0.53909546,6
EunwooCha,000018_0,000044_0,0.58777833,5
EunwooCha,000018_0,000050_0,0.7199814,7
EunwooCha,000018_0,000052_0,0.674437,6
EunwooCha,000018_0,000053_0,0.5037969,5
EunwooCha,000018_0,000055_0,0.54257774,6
EunwooCha,000018_0,000057_0,0.6910008,7
EunwooCha,000018_0,000058_0,0.5167195,5
EunwooCha,000018_0,000060_0,0.5518119,6
EunwooCha,000018_0,000065_0,0.5502485,7
EunwooCha,000018_0,000066_0,0.49240586,6
EunwooCha,000018_0,000067_0,0.37356386,5
EunwooCha,000018_0,000069_0,0.6132863,6
EunwooCha,000018_0,000072_0,0.43043903,6
EunwooCha,000018_0,000073_0,0.48548612,6
EunwooCha,000018_0,000077_1,0.5944227,5
EunwooCha,000018_0,000079_0,0.70160246,6
EunwooCha,000018_0,000081_0,0.5383418,6
EunwooCha,000018_0,000086_0,0.4132801,5
EunwooCha,000018_0,000094_0,0.6174609,5
EunwooCha,000018_0,000101_0,0.652818,6
EunwooCha,000020_0,000021_0,0.44664285,7
EunwooCha,000020_0,000022_0,0.5016356,6
EunwooCha,000020_0,000023_0,0.5508006,7
EunwooCha,000020_0,000024_0,0.48168993,6
EunwooCha,000020_0,000025_0,0.49478912,6
EunwooCha,000020_0,000026_0,0.56760514,7
EunwooCha,000020_0,000027_0,0.60387486,6
EunwooCha,000020_0,000028_0,0.62809515,7
EunwooCha,000020_0,000029_0,0.6414948,7
EunwooCha,000020_0,000030_0,0.53603673,7
EunwooCha,000020_0,000032_0,0.6076566,8
EunwooCha,000020_0,000037_0,0.46415624,7
EunwooCha,000020_0,000042_0,0.56873184,7
EunwooCha,000020_0,000043_0,0.5745578,6
EunwooCha,000020_0,000044_0,0.58113104,6
EunwooCha,000020_0,000050_0,0.5870957,8
EunwooCha,000020_0,000052_0,0.6145601,7
EunwooCha,000020_0,000053_0,0.49649796,6
EunwooCha,000020_0,000055_0,0.41985348,7
EunwooCha,000020_0,000057_0,0.4982359,8
EunwooCha,000020_0,000058_0,0.49847922,5
EunwooCha,000020_0,000060_0,0.53948814,7
EunwooCha,000020_0,000065_0,0.61424756,8
EunwooCha,000020_0,000066_0,0.48793378,7
EunwooCha,000020_0,000067_0,0.39384905,6
EunwooCha,000020_0,000069_0,0.4459105,7
EunwooCha,000020_0,000072_0,0.4155754,6
EunwooCha,000020_0,000073_0,0.42198798,7
EunwooCha,000020_0,000077_1,0.6334035,6
EunwooCha,000020_0,000079_0,0.65959126,7
EunwooCha,000020_0,000081_0,0.4851609,7
EunwooCha,000020_0,000086_0,0.42603523,5
EunwooCha,000020_0,000094_0,0.5397116,6
EunwooCha,000020_0,000101_0,0.6093368,7
EunwooCha,000021_0,000022_0,0.4767397,8
EunwooCha,000021_0,000023_0,0.50232345,9
EunwooCha,000021_0,000024_0,0.50750595,8
EunwooCha,000021_0,000025_0,0.56934327,8
EunwooCha,000021_0,000026_0,0.5293485,7
EunwooCha,000021_0,000027_0,0.58183116,6
EunwooCha,000021_0,000028_0,0.55768365,6
EunwooCha,000021_0,000029_0,0.4987309,7
EunwooCha,000021_0,000030_0,0.48857343,8
EunwooCha,000021_0,000032_0,0.50825876,7
EunwooCha,000021_0,000037_0,0.47641188,8
EunwooCha,000021_0,000042_0,0.44117686,8
EunwooCha,000021_0,000043_0,0.4707867,6
EunwooCha,000021_0,000044_0,0.55961025,6
EunwooCha,000021_0,000050_0,0.5031477,7
EunwooCha,000021_0,000052_0,0.545149,6
EunwooCha,000021_0,000053_0,0.41652352,8
EunwooCha,000021_0,000055_0,0.49394268,8
EunwooCha,000021_0,000057_0,0.46798992,9
EunwooCha,000021_0,000058_0,0.4714231,7
EunwooCha,000021_0,000060_0,0.4918286,8
EunwooCha,000021_0,000065_0,0.5272467,9
EunwooCha,000021_0,000066_0,0.52517486,9
EunwooCha,000021_0,000067_0,0.408019,8
EunwooCha,000021_0,000069_0,0.6950691,6
EunwooCha,000021_0,000072_0,0.5266736,7
EunwooCha,000021_0,000073_0,0.5999807,8
EunwooCha,000021_0,000077_1,0.5198128,8
EunwooCha,000021_0,000079_0,0.5163578,8
EunwooCha,000021_0,000081_0,0.5864901,6
EunwooCha,000021_0,000086_0,0.44482023,5
EunwooCha,000021_0,000094_0,0.4852332,8
EunwooCha,000021_0,000101_0,0.5262882,7
EunwooCha,000022_0,000023_0,0.48161948,8
EunwooCha,000022_0,000024_0,0.46154007,8
EunwooCha,000022_0,000025_0,0.5075604,8
EunwooCha,000022_0,000026_0,0.52208114,6
EunwooCha,000022_0,000027_0,0.52386373,6
EunwooCha,000022_0,000028_0,0.48975798,6
EunwooCha,000022_0,000029_0,0.4250396,7
EunwooCha,000022_0,000030_0,0.4249826,7
EunwooCha,000022_0,000032_0,0.43190646,6
EunwooCha,000022_0,000037_0,0.5031381,7
EunwooCha,000022_0,000042_0,0.45827287,7
EunwooCha,000022_0,000043_0,0.45707095,6
EunwooCha,000022_0,000044_0,0.48964378,6
EunwooCha,000022_0,000050_0,0.45049742,6
EunwooCha,000022_0,000052_0,0.48777106,6
EunwooCha,000022_0,000053_0,0.44009236,8
EunwooCha,000022_0,000055_0,0.5390464,8
EunwooCha,000022_0,000057_0,0.5618566,8
EunwooCha,000022_0,000058_0,0.49111623,7
EunwooCha,000022_0,000060_0,0.5886034,8
EunwooCha,000022_0,000065_0,0.44949687,8
EunwooCha,000022_0,000066_0,0.6405761,8
EunwooCha,000022_0,000067_0,0.46848574,8
EunwooCha,000022_0,000069_0,0.4168906,6
EunwooCha,000022_0,000072_0,0.49653515,7
EunwooCha,000022_0,000073_0,0.3889752,7
EunwooCha,000022_0,000077_1,0.4925849,8
EunwooCha,000022_0,000079_0,0.48091865,8
EunwooCha,000022_0,000081_0,0.52673244,6
EunwooCha,000022_0,000086_0,0.548805,5
EunwooCha,000022_0,000094_0,0.52412474,8
EunwooCha,000022_0,000101_0,0.41696241,7
EunwooCha,000023_0,000024_0,0.4933054,8
EunwooCha,000023_0,000025_0,0.46865654,8
EunwooCha,000023_0,000026_0,0.63856065,7
EunwooCha,000023_0,000027_0,0.6051196,6
EunwooCha,000023_0,000028_0,0.6481224,6
EunwooCha,000023_0,000029_0,0.648795,7
EunwooCha,000023_0,000030_0,0.5618231,8
EunwooCha,000023_0,000032_0,0.6193345,7
EunwooCha,000023_0,000037_0,0.54299164,8
EunwooCha,000023_0,000042_0,0.64311546,8
EunwooCha,000023_0,000043_0,0.530493,6
EunwooCha,000023_0,000044_0,0.6020108,6
EunwooCha,000023_0,000050_0,0.53854287,7
EunwooCha,000023_0,000052_0,0.70717984,6
EunwooCha,000023_0,000053_0,0.5134942,8
EunwooCha,000023_0,000055_0,0.5935706,8
EunwooCha,000023_0,000057_0,0.49264824,9
EunwooCha,000023_0,000058_0,0.60154945,7
EunwooCha,000023_0,000060_0,0.5558702,8
EunwooCha,000023_0,000065_0,0.5762478,9
EunwooCha,000023_0,000066_0,0.48187268,9
EunwooCha,000023_0,000067_0,0.43316403,8
EunwooCha,000023_0,000069_0,0.61276597,6
EunwooCha,000023_0,000072_0,0.46837637,7
EunwooCha,000023_0,000073_0,0.48578978,8
EunwooCha,000023_0,000077_1,0.6540663,8
EunwooCha,000023_0,000079_0,0.6724421,8
EunwooCha,000023_0,000081_0,0.5347287,6
EunwooCha,000023_0,000086_0,0.46061164,5
EunwooCha,000023_0,000094_0,0.53617984,8
EunwooCha,000023_0,000101_0,0.5805149,7
EunwooCha,000024_0,000025_0,0.47968712,8
EunwooCha,000024_0,000026_0,0.53034806,6
EunwooCha,000024_0,000027_0,0.53512573,6
EunwooCha,000024_0,000028_0,0.5359046,6
EunwooCha,000024_0,000029_0,0.55194855,8
EunwooCha,000024_0,000030_0,0.49664068,7
EunwooCha,000024_0,000032_0,0.54421,6
EunwooCha,000024_0,000037_0,0.55748093,7
EunwooCha,000024_0,000042_0,0.48500368,7
EunwooCha,000024_0,000043_0,0.5437723,6
EunwooCha,000024_0,000044_0,0.56441885,6
EunwooCha,000024_0,000050_0,0.49282423,6
EunwooCha,000024_0,000052_0,0.5829366,6
EunwooCha,000024_0,000053_0,0.40964997,8
EunwooCha,000024_0,000055_0,0.5321601,8
EunwooCha,000024_0,000057_0,0.48697534,8
EunwooCha,000024_0,000058_0,0.47226423,7
EunwooCha,000024_0,000060_0,0.50591516,8
EunwooCha,000024_0,000065_0,0.56789786,8
EunwooCha,000024_0,000066_0,0.5165219,8
EunwooCha,000024_0,000067_0,0.46410984,9
EunwooCha,000024_0,000069_0,0.48434457,6
EunwooCha,000024_0,000072_0,0.4560247,7
EunwooCha,000024_0,000073_0,0.4795003,7
EunwooCha,000024_0,000077_1,0.49780905,8
EunwooCha,000024_0,000079_0,0.5246328,8
EunwooCha,000024_0,000081_0,0.48712406,6
EunwooCha,000024_0,000086_0,0.47012368,5
EunwooCha,000024_0,000094_0,0.5690022,8
EunwooCha,000024_0,000101_0,0.5673583,7
EunwooCha,000025_0,000026_0,0.48951176,6
EunwooCha,000025_0,000027_0,0.5178032,6
EunwooCha,000025_0,000028_0,0.5000687,6
EunwooCha,000025_0,000029_0,0.5063704,7
EunwooCha,000025_0,000030_0,0.43241438,7
EunwooCha,000025_0,000032_0,0.46634245,6
EunwooCha,000025_0,000037_0,0.47580484,7
EunwooCha,000025_0,000042_0,0.52595997,7
EunwooCha,000025_0,000043_0,0.60284495,6
EunwooCha,000025_0,000044_0,0.49564838,6
EunwooCha,000025_0,000050_0,0.5661276,6
EunwooCha,000025_0,000052_0,0.49493194,6
EunwooCha,000025_0,000053_0,0.42717972,8
EunwooCha,000025_0,000055_0,0.51328194,8
EunwooCha,000025_0,000057_0,0.4885222,8
EunwooCha,000025_0,000058_0,0.53488386,7
EunwooCha,000025_0,000060_0,0.49478146,8
EunwooCha,000025_0,000065_0,0.49725375,8
EunwooCha,000025_0,000066_0,0.51801157,8
EunwooCha,000025_0,000067_0,0.43252134,8
EunwooCha,000025_0,000069_0,0.5524936,6
EunwooCha,000025_0,000072_0,0.6097701,7
EunwooCha,000025_0,000073_0,0.5632424,7
EunwooCha,000025_0,000077_1,0.49082893,8
EunwooCha,000025_0,000079_0,0.51109064,8
EunwooCha,000025_0,000081_0,0.6429047,6
EunwooCha,000025_0,000086_0,0.48430738,5
EunwooCha,000025_0,000094_0,0.53584844,8
EunwooCha,000025_0,000101_0,0.47055888,7
EunwooCha,000026_0,000027_0,0.6074932,6
EunwooCha,000026_0,000028_0,0.73708105,6
EunwooCha,000026_0,000029_0,0.6557729,6
EunwooCha,000026_0,000030_0,0.6217613,7
EunwooCha,000026_0,000032_0,0.57195055,7
EunwooCha,000026_0,000037_0,0.5205926,7
EunwooCha,000026_0,000042_0,0.56657577,7
EunwooCha,000026_0,000043_0,0.4771214,5
EunwooCha,000026_0,000044_0,0.65122813,6
EunwooCha,000026_0,000050_0,0.5332471,7
EunwooCha,000026_0,000052_0,0.70149964,6
EunwooCha,000026_0,000053_0,0.54779005,6
EunwooCha,000026_0,000055_0,0.50304306,6
EunwooCha,000026_0,000057_0,0.52684194,7
EunwooCha,000026_0,000058_0,0.46633935,5
EunwooCha,000026_0,000060_0,0.5860605,6
EunwooCha,000026_0,000065_0,0.5726486,7
EunwooCha,000026_0,000066_0,0.50099635,7
EunwooCha,000026_0,000067_0,0.4376379,6
EunwooCha,000026_0,000069_0,0.51625365,6
EunwooCha,000026_0,000072_0,0.44782677,5
EunwooCha,000026_0,000073_0,0.45104155,7
EunwooCha,000026_0,000077_1,0.6824625,6
EunwooCha,000026_0,000079_0,0.72600704,6
EunwooCha,000026_0,000081_0,0.45752,6
EunwooCha,000026_0,000086_0,0.4758409,5
EunwooCha,000026_0,000094_0,0.53343993,6
EunwooCha,000026_0,000101_0,0.65720254,6
EunwooCha,000027_0,000028_0,0.6575273,6
EunwooCha,000027_0,000029_0,0.59013397,6
EunwooCha,000027_0,000030_0,0.56647295,6
EunwooCha,000027_0,000032_0,0.59360456,6
EunwooCha,000027_0,000037_0,0.53356045,6
EunwooCha,000027_0,000042_0,0.63538945,6
EunwooCha,000027_0,000043_0,0.5091088,5
EunwooCha,000027_0,000044_0,0.67378443,6
EunwooCha,000027_0,000050_0,0.59000534,6
EunwooCha,000027_0,000052_0,0.60187066,6
EunwooCha,000027_0,000053_0,0.505055,6
EunwooCha,000027_0,000055_0,0.5477221,6
EunwooCha,000027_0,000057_0,0.5380828,6
EunwooCha,000027_0,000058_0,0.46568465,5
EunwooCha,000027_0,000060_0,0.50324035,6
EunwooCha,000027_0,000065_0,0.64572966,6
EunwooCha,000027_0,000066_0,0.47147724,6
EunwooCha,000027_0,000067_0,0.4439346,6
EunwooCha,000027_0,000069_0,0.4940858,6
EunwooCha,000027_0,000072_0,0.4373626,5
EunwooCha,000027_0,000073_0,0.47454968,6
EunwooCha,000027_0,000077_1,0.6085909,6
EunwooCha,000027_0,000079_0,0.70564455,6
EunwooCha,000027_0,000081_0,0.5285329,6
EunwooCha,000027_0,000086_0,0.4440651,5
EunwooCha,000027_0,000094_0,0.58437914,6
EunwooCha,000027_0,000101_0,0.6694328,6
EunwooCha,000028_0,000029_0,0.6165157,7
EunwooCha,000028_0,000030_0,0.60864586,6
EunwooCha,000028_0,000032_0,0.58074003,7
EunwooCha,000028_0,000037_0,0.53306,6
EunwooCha,000028_0,000042_0,0.6518436,6
EunwooCha,000028_0,000043_0,0.54756486,6
EunwooCha,000028_0,000044_0,0.6918225,6
EunwooCha,000028_0,000050_0,0.6040382,7
EunwooCha,000028_0,000052_0,0.64516026,7
EunwooCha,000028_0,000053_0,0.4903935,6
EunwooCha,000028_0,000055_0,0.5521118,7
EunwooCha,000028_0,000057_0,0.5297466,7
EunwooCha,000028_0,000058_0,0.486425,5
EunwooCha,000028_0,000060_0,0.54107344,7
EunwooCha,000028_0,000065_0,0.59462965,7
EunwooCha,000028_0,000066_0,0.46603277,6
EunwooCha,000028_0,000067_0,0.46976915,6
EunwooCha,000028_0,000069_0,0.49701962,7
EunwooCha,000028_0,000072_0,0.42880347,6
EunwooCha,000028_0,000073_0,0.4462409,6
EunwooCha,000028_0,000077_1,0.678606,6
EunwooCha,000028_0,000079_0,0.7688662,7
EunwooCha,000028_0,000081_0,0.4959128,7
EunwooCha,000028_0,000086_0,0.4466847,5
EunwooCha,000028_0,000094_0,0.56074756,6
EunwooCha,000028_0,000101_0,0.64499694,7
EunwooCha,000029_0,000030_0,0.73722476,6
EunwooCha,000029_0,000032_0,0.742827,7
EunwooCha,000029_0,000037_0,0.5304899,6
EunwooCha,000029_0,000042_0,0.633967,7
EunwooCha,000029_0,000043_0,0.6279679,6
EunwooCha,000029_0,000044_0,0.6120121,6
EunwooCha,000029_0,000050_0,0.5627321,7
EunwooCha,000029_0,000052_0,0.7378047,7
EunwooCha,000029_0,000053_0,0.5086603,7
EunwooCha,000029_0,000055_0,0.45190176,8
EunwooCha,000029_0,000057_0,0.5542431,8
EunwooCha,000029_0,000058_0,0.5528702,6
EunwooCha,000029_0,000060_0,0.52093565,8
EunwooCha,000029_0,000065_0,0.6848649,8
EunwooCha,000029_0,000066_0,0.49593398,7
EunwooCha,000029_0,000067_0,0.40651056,8
EunwooCha,000029_0,000069_0,0.5458737,7
EunwooCha,000029_0,000072_0,0.45801392,7
EunwooCha,000029_0,000073_0,0.61521477,6
EunwooCha,000029_0,000077_1,0.6670046,7
EunwooCha,000029_0,000079_0,0.67064357,8
EunwooCha,000029_0,000081_0,0.47986695,7
EunwooCha,000029_0,000086_0,0.44750398,5
EunwooCha,000029_0,000094_0,0.55632406,7
EunwooCha,000029_0,000101_0,0.76542675,8
EunwooCha,000030_0,000032_0,0.74277115,7
EunwooCha,000030_0,000037_0,0.535112,8
EunwooCha,000030_0,000042_0,0.55045456,7
EunwooCha,000030_0,000043_0,0.5378261,6
EunwooCha,000030_0,000044_0,0.6592389,6
EunwooCha,000030_0,000050_0,0.458064,7
EunwooCha,000030_0,000052_0,0.745837,6
EunwooCha,000030_0,000053_0,0.44832656,7
EunwooCha,000030_0,000055_0,0.43493867,7
EunwooCha,000030_0,000057_0,0.35121194,8
EunwooCha,000030_0,000058_0,0.42798445,6
EunwooCha,000030_0,000060_0,0.54905903,7
EunwooCha,000030_0,000065_0,0.5428827,8
EunwooCha,000030_0,000066_0,0.48978785,8
EunwooCha,000030_0,000067_0,0.4295652,7
EunwooCha,000030_0,000069_0,0.55946517,6
EunwooCha,000030_0,000072_0,0.4365543,6
EunwooCha,000030_0,000073_0,0.54647577,8
EunwooCha,000030_0,000077_1,0.6282872,7
EunwooCha,000030_0,000079_0,0.5923068,7
EunwooCha,000030_0,000081_0,0.4428382,6
EunwooCha,000030_0,000086_0,0.5056807,5
EunwooCha,000030_0,000094_0,0.4394721,7
EunwooCha,000030_0,000101_0,0.71329075,6
EunwooCha,000032_0,000037_0,0.5016192,7
EunwooCha,000032_0,000042_0,0.6131713,7
EunwooCha,000032_0,000043_0,0.6205431,6
EunwooCha,000032_0,000044_0,0.6058975,6
EunwooCha,000032_0,000050_0,0.5462712,8
EunwooCha,000032_0,000052_0,0.68280494,7
EunwooCha,000032_0,000053_0,0.44708896,6
EunwooCha,000032_0,000055_0,0.47063446,7
EunwooCha,000032_0,000057_0,0.4274151,8
EunwooCha,000032_0,000058_0,0.49779922,5
EunwooCha,000032_0,000060_0,0.5214879,7
EunwooCha,000032_0,000065_0,0.6195843,8
EunwooCha,000032_0,000066_0,0.53316873,7
EunwooCha,000032_0,000067_0,0.42895412,6
EunwooCha,000032_0,000069_0,0.5556471,7
EunwooCha,000032_0,000072_0,0.39407206,6
EunwooCha,000032_0,000073_0,0.6030595,7
EunwooCha,000032_0,000077_1,0.6090317,6
EunwooCha,000032_0,000079_0,0.63550174,7
EunwooCha,000032_0,000081_0,0.47842577,7
EunwooCha,000032_0,000086_0,0.39392346,5
EunwooCha,000032_0,000094_0,0.5323328,6
EunwooCha,000032_0,000101_0,0.6917739,7
EunwooCha,000037_0,000042_0,0.48883006,7
EunwooCha,000037_0,000043_0,0.5750033,6
EunwooCha,000037_0,000044_0,0.5261331,6
EunwooCha,000037_0,000050_0,0.40834364,7
EunwooCha,000037_0,000052_0,0.53434986,6
EunwooCha,000037_0,000053_0,0.50309616,7
EunwooCha,000037_0,000055_0,0.55044186,7
EunwooCha,000037_0,000057_0,0.46238112,8
EunwooCha,000037_0,000058_0,0.5403769,6
EunwooCha,000037_0,000060_0,0.5991812,7
EunwooCha,000037_0,000065_0,0.48907036,8
EunwooCha,000037_0,000066_0,0.52290046,8
EunwooCha,000037_0,000067_0,0.5239138,7
EunwooCha,000037_0,000069_0,0.46140885,6
EunwooCha,000037_0,000072_0,0.5342674,6
EunwooCha,000037_0,000073_0,0.43869326,8
EunwooCha,000037_0,000077_1,0.5478135,7
EunwooCha,000037_0,000079_0,0.55569464,7
EunwooCha,000037_0,000081_0,0.4611415,6
EunwooCha,000037_0,000086_0,0.54586345,5
EunwooCha,000037_0,000094_0,0.5517678,7
EunwooCha,000037_0,000101_0,0.49510574,6
EunwooCha,000042_0,000043_0,0.5890369,5
EunwooCha,000042_0,000044_0,0.63558215,6
EunwooCha,000042_0,000050_0,0.5488552,7
EunwooCha,000042_0,000052_0,0.6519014,6
EunwooCha,000042_0,000053_0,0.4465198,7
EunwooCha,000042_0,000055_0,0.5168046,7
EunwooCha,000042_0,000057_0,0.44009605,8
EunwooCha,000042_0,000058_0,0.51909274,6
EunwooCha,000042_0,000060_0,0.4498823,7
EunwooCha,000042_0,000065_0,0.6139084,8
EunwooCha,000042_0,000066_0,0.47242194,8
EunwooCha,000042_0,000067_0,0.44049978,7
EunwooCha,000042_0,000069_0,0.556165,6
EunwooCha,000042_0,000072_0,0.4264461,6
EunwooCha,000042_0,000073_0,0.44120273,7
EunwooCha,000042_0,000077_1,0.5999201,7
EunwooCha,000042_0,000079_0,0.71700066,7
EunwooCha,000042_0,000081_0,0.575774,6
EunwooCha,000042_0,000086_0,0.3921076,5
EunwooCha,000042_0,000094_0,0.5643581,7
EunwooCha,000042_0,000101_0,0.6070056,7
EunwooCha,000043_0,000044_0,0.5206021,5
EunwooCha,000043_0,000050_0,0.5138139,6
EunwooCha,000043_0,000052_0,0.558549,6
EunwooCha,000043_0,000053_0,0.50682396,6
EunwooCha,000043_0,000055_0,0.549691,7
EunwooCha,000043_0,000057_0,0.44295242,7
EunwooCha,000043_0,000058_0,0.5921148,6
EunwooCha,000043_0,000060_0,0.583337,7
EunwooCha,000043_0,000065_0,0.6018446,7
EunwooCha,000043_0,000066_0,0.54838556,6
EunwooCha,000043_0,000067_0,0.48189107,6
EunwooCha,000043_0,000069_0,0.46399117,6
EunwooCha,000043_0,000072_0,0.47169212,7
EunwooCha,000043_0,000073_0,0.488008,6
EunwooCha,000043_0,000077_1,0.60080177,6
EunwooCha,000043_0,000079_0,0.5537778,7
EunwooCha,000043_0,000081_0,0.48271212,6
EunwooCha,000043_0,000086_0,0.426475,5
EunwooCha,000043_0,000094_0,0.61289346,6
EunwooCha,000043_0,000101_0,0.5067988,6
EunwooCha,000044_0,000050_0,0.5441585,6
EunwooCha,000044_0,000052_0,0.6769679,6
EunwooCha,000044_0,000053_0,0.43803158,6
EunwooCha,000044_0,000055_0,0.5133759,6
EunwooCha,000044_0,000057_0,0.44331452,6
EunwooCha,000044_0,000058_0,0.43959135,5
EunwooCha,000044_0,000060_0,0.49449196,6
EunwooCha,000044_0,000065_0,0.64393467,6
EunwooCha,000044_0,000066_0,0.51117796,6
EunwooCha,000044_0,000067_0,0.53430253,6
EunwooCha,000044_0,000069_0,0.49303362,6
EunwooCha,000044_0,000072_0,0.42845765,5
EunwooCha,000044_0,000073_0,0.48170248,6
EunwooCha,000044_0,000077_1,0.6554699,6
EunwooCha,000044_0,000079_0,0.66872424,6
EunwooCha,000044_0,000081_0,0.48827758,6
EunwooCha,000044_0,000086_0,0.48629498,5
EunwooCha,000044_0,000094_0,0.5181559,6
EunwooCha,000044_0,000101_0,0.67503834,6
EunwooCha,000050_0,000052_0,0.5510737,7
EunwooCha,000050_0,000053_0,0.41833916,6
EunwooCha,000050_0,000055_0,0.46982744,7
EunwooCha,000050_0,000057_0,0.54282105,8
EunwooCha,000050_0,000058_0,0.47558823,5
EunwooCha,000050_0,000060_0,0.5335711,7
EunwooCha,000050_0,000065_0,0.52354604,8
EunwooCha,000050_0,000066_0,0.45083454,7
EunwooCha,000050_0,000067_0,0.40461484,6
EunwooCha,000050_0,000069_0,0.54861116,7
EunwooCha,000050_0,000072_0,0.40632436,6
EunwooCha,000050_0,000073_0,0.45655152,7
EunwooCha,000050_0,000077_1,0.5718206,6
EunwooCha,000050_0,000079_0,0.63681126,7
EunwooCha,000050_0,000081_0,0.51415807,7
EunwooCha,000050_0,000086_0,0.36072963,5
EunwooCha,000050_0,000094_0,0.50621647,6
EunwooCha,000050_0,000101_0,0.57498944,7
EunwooCha,000052_0,000053_0,0.49529615,6
EunwooCha,000052_0,000055_0,0.51004934,7
EunwooCha,000052_0,000057_0,0.49902433,7
EunwooCha,000052_0,000058_0,0.5340918,5
EunwooCha,000052_0,000060_0,0.5309462,7
EunwooCha,000052_0,000065_0,0.61638737,7
EunwooCha,000052_0,000066_0,0.5484174,6
EunwooCha,000052_0,000067_0,0.4571252,6
EunwooCha,000052_0,000069_0,0.55340785,7
EunwooCha,000052_0,000072_0,0.43384612,6
EunwooCha,000052_0,000073_0,0.63436157,6
EunwooCha,000052_0,000077_1,0.67676544,6
EunwooCha,000052_0,000079_0,0.6390041,7
EunwooCha,000052_0,000081_0,0.49222094,7
EunwooCha,000052_0,000086_0,0.49114403,5
EunwooCha,000052_0,000094_0,0.55279875,6
EunwooCha,000052_0,000101_0,0.726793,7
EunwooCha,000053_0,000055_0,0.5465429,8
EunwooCha,000053_0,000057_0,0.5126356,8
EunwooCha,000053_0,000058_0,0.51119465,7
EunwooCha,000053_0,000060_0,0.622671,8
EunwooCha,000053_0,000065_0,0.41298068,8
EunwooCha,000053_0,000066_0,0.4546522,8
EunwooCha,000053_0,000067_0,0.39495358,8
EunwooCha,000053_0,000069_0,0.40191427,6
EunwooCha,000053_0,000072_0,0.4874366,7
EunwooCha,000053_0,000073_0,0.36599466,7
EunwooCha,000053_0,000077_1,0.5545112,8
EunwooCha,000053_0,000079_0,0.51241475,8
EunwooCha,000053_0,000081_0,0.41119912,6
EunwooCha,000053_0,000086_0,0.4601329,5
EunwooCha,000053_0,000094_0,0.5292999,8
EunwooCha,000053_0,000101_0,0.43805408,7
EunwooCha,000055_0,000057_0,0.56626934,9
EunwooCha,000055_0,000058_0,0.67391074,7
EunwooCha,000055_0,000060_0,0.56793255,9
EunwooCha,000055_0,000065_0,0.48249742,9
EunwooCha,000055_0,000066_0,0.5326958,8
EunwooCha,000055_0,000067_0,0.51678324,8
EunwooCha,000055_0,000069_0,0.4721488,7
EunwooCha,000055_0,000072_0,0.56806123,8
EunwooCha,000055_0,000073_0,0.43962237,7
EunwooCha,000055_0,000077_1,0.52116066,8
EunwooCha,000055_0,000079_0,0.508666,9
EunwooCha,000055_0,000081_0,0.5180318,7
EunwooCha,000055_0,000086_0,0.48261103,5
EunwooCha,000055_0,000094_0,0.63868296,8
EunwooCha,000055_0,000101_0,0.4689914,8
EunwooCha,000057_0,000058_0,0.6004004,7
EunwooCha,000057_0,000060_0,0.5306761,9
EunwooCha,000057_0,000065_0,0.468077,10
EunwooCha,000057_0,000066_0,0.4961746,9
EunwooCha,000057_0,000067_0,0.39280748,8
EunwooCha,000057_0,000069_0,0.5014746,7
EunwooCha,000057_0,000072_0,0.5167766,8
EunwooCha,000057_0,000073_0,0.43537068,8
EunwooCha,000057_0,000077_1,0.47586375,8
EunwooCha,000057_0,000079_0,0.5356376,9
EunwooCha,000057_0,000081_0,0.5381362,7
EunwooCha,000057_0,000086_0,0.4851405,5
EunwooCha,000057_0,000094_0,0.5966501,8
EunwooCha,000057_0,000101_0,0.57429457,8
EunwooCha,000058_0,000060_0,0.5597081,7
EunwooCha,000058_0,000065_0,0.5031812,7
EunwooCha,000058_0,000066_0,0.52913845,7
EunwooCha,000058_0,000067_0,0.44924545,7
EunwooCha,000058_0,000069_0,0.4754056,5
EunwooCha,000058_0,000072_0,0.625233,7
EunwooCha,000058_0,000073_0,0.5076397,6
EunwooCha,000058_0,000077_1,0.5483142,7
EunwooCha,000058_0,000079_0,0.54849184,7
EunwooCha,000058_0,000081_0,0.52267206,5
EunwooCha,000058_0,000086_0,0.5093507,5
EunwooCha,000058_0,000094_0,0.5721249,7
EunwooCha,000058_0,000101_0,0.4785042,6
EunwooCha,000060_0,000065_0,0.46966696,9
EunwooCha,000060_0,000066_0,0.57345366,8
EunwooCha,000060_0,000067_0,0.48563927,8
EunwooCha,000060_0,000069_0,0.4934486,7
EunwooCha,000060_0,000072_0,0.5318258,8
EunwooCha,000060_0,000073_0,0.44238058,7
EunwooCha,000060_0,000077_1,0.5931453,8
EunwooCha,000060_0,000079_0,0.55310917,9
EunwooCha,000060_0,000081_0,0.46323785,7
EunwooCha,000060_0,000086_0,0.51721066,5
EunwooCha,000060_0,000094_0,0.57204074,8
EunwooCha,000060_0,000101_0,0.45910305,8
EunwooCha,000065_0,000066_0,0.5081556,9
EunwooCha,000065_0,000067_0,0.44202048,8
EunwooCha,000065_0,000069_0,0.5167479,7
EunwooCha,000065_0,000072_0,0.45888102,8
EunwooCha,000065_0,000073_0,0.48925182,8
EunwooCha,000065_0,000077_1,0.6007683,8
EunwooCha,000065_0,000079_0,0.58794194,9
EunwooCha,000065_0,000081_0,0.52071446,7
EunwooCha,000065_0,000086_0,0.4211587,5
EunwooCha,000065_0,000094_0,0.54368824,8
EunwooCha,000065_0,000101_0,0.6231226,8
EunwooCha,000066_0,000067_0,0.4635861,8
EunwooCha,000066_0,000069_0,0.47655487,6
EunwooCha,000066_0,000072_0,0.5520456,7
EunwooCha,000066_0,000073_0,0.437093,8
EunwooCha,000066_0,000077_1,0.5236354,8
EunwooCha,000066_0,000079_0,0.48675197,8
EunwooCha,000066_0,000081_0,0.54539657,6
EunwooCha,000066_0,000086_0,0.5523699,5
EunwooCha,000066_0,000094_0,0.5845492,8
EunwooCha,000066_0,000101_0,0.45318738,7
EunwooCha,000067_0,000069_0,0.37414905,6
EunwooCha,000067_0,000072_0,0.40924573,7
EunwooCha,000067_0,000073_0,0.35628954,7
EunwooCha,000067_0,000077_1,0.4511314,8
EunwooCha,000067_0,000079_0,0.42690486,8
EunwooCha,000067_0,000081_0,0.3873446,6
EunwooCha,000067_0,000086_0,0.39141566,5
EunwooCha,000067_0,000094_0,0.4634409,8
EunwooCha,000067_0,000101_0,0.4218332,7
EunwooCha,000069_0,000072_0,0.5171375,6
EunwooCha,000069_0,000073_0,0.69966054,6
EunwooCha,000069_0,000077_1,0.4623141,6
EunwooCha,000069_0,000079_0,0.5488587,7
EunwooCha,000069_0,000081_0,0.6274212,7
EunwooCha,000069_0,000086_0,0.38065505,5
EunwooCha,000069_0,000094_0,0.47862482,6
EunwooCha,000069_0,000101_0,0.5405482,7
EunwooCha,000072_0,000073_0,0.5257355,6
EunwooCha,000072_0,000077_1,0.48395985,7
EunwooCha,000072_0,000079_0,0.49277967,8
EunwooCha,000072_0,000081_0,0.55017275,6
EunwooCha,000072_0,000086_0,0.54326993,5
EunwooCha,000072_0,000094_0,0.5101689,7
EunwooCha,000072_0,000101_0,0.424669,7
EunwooCha,000073_0,000077_1,0.44910064,7
EunwooCha,000073_0,000079_0,0.5076844,7
EunwooCha,000073_0,000081_0,0.5972229,6
EunwooCha,000073_0,000086_0,0.45277953,5
EunwooCha,000073_0,000094_0,0.43585613,7
EunwooCha,000073_0,000101_0,0.6351094,6
EunwooCha,000077_1,000079_0,0.6543056,8
EunwooCha,000077_1,000081_0,0.42300376,6
EunwooCha,000077_1,000086_0,0.5111345,5
EunwooCha,000077_1,000094_0,0.5257821,8
EunwooCha,000077_1,000101_0,0.5873955,7
EunwooCha,000079_0,000081_0,0.53680223,7
EunwooCha,000079_0,000086_0,0.48115188,5
EunwooCha,000079_0,000094_0,0.5797312,8
EunwooCha,000079_0,000101_0,0.6139428,8
EunwooCha,000081_0,000086_0,0.4151054,5
EunwooCha,000081_0,000094_0,0.5572581,6
EunwooCha,000081_0,000101_0,0.50333035,7
EunwooCha,000086_0,000094_0,0.5017406,5
EunwooCha,000086_0,000101_0,0.4501621,5
EunwooCha,000094_0,000101_0,0.51978046,7
